timestamp,event_type,object_id,size,site_id,thread_id,type_id
5,alloc,1789447862,24,62,1950409828,3
7,free,1789447862,24,62,1950409828,3
18,alloc,1031980531,40,80,1950409828,7
27,free,1031980531,40,80,1950409828,7
39,alloc,1490180672,32,81,1950409828,12
41,free,1490180672,32,81,1950409828,12
59,alloc,110718392,24,97,1950409828,20
65,free,110718392,24,97,1950409828,20
76,alloc,32374789,40,80,1950409828,7
85,free,32374789,40,80,1950409828,7
89,alloc,515132998,24,96,1950409828,19
93,free,515132998,24,96,1950409828,19
94,alloc,1694819250,24,96,1950409828,19
98,free,1694819250,24,96,1950409828,19
99,alloc,1365202186,24,96,1950409828,19
103,free,1365202186,24,96,1950409828,19
104,alloc,1651191114,24,96,1950409828,19
108,free,1651191114,24,96,1950409828,19
109,alloc,1586600255,24,96,1950409828,19
113,free,1586600255,24,96,1950409828,19
114,alloc,474675244,24,96,1950409828,19
118,free,474675244,24,96,1950409828,19
119,alloc,932583850,24,96,1950409828,19
123,free,932583850,24,96,1950409828,19
124,alloc,212628335,24,96,1950409828,19
128,free,212628335,24,96,1950409828,19
129,alloc,1579572132,24,96,1950409828,19
133,free,1579572132,24,96,1950409828,19
134,alloc,359023572,24,96,1950409828,19
138,free,359023572,24,96,1950409828,19
139,alloc,305808283,24,96,1950409828,19
143,free,305808283,24,96,1950409828,19
144,alloc,2111991224,24,96,1950409828,19
148,free,2111991224,24,96,1950409828,19
149,alloc,292938459,24,96,1950409828,19
153,free,292938459,24,96,1950409828,19
154,alloc,917142466,24,96,1950409828,19
158,free,917142466,24,96,1950409828,19
159,alloc,1993134103,24,96,1950409828,19
163,free,1993134103,24,96,1950409828,19
164,alloc,405662939,24,96,1950409828,19
168,free,405662939,24,96,1950409828,19
169,alloc,653305407,24,96,1950409828,19
173,free,653305407,24,96,1950409828,19
174,alloc,1130478920,24,96,1950409828,19
178,free,1130478920,24,96,1950409828,19
179,alloc,1404928347,24,96,1950409828,19
183,free,1404928347,24,96,1950409828,19
184,alloc,604107971,24,96,1950409828,19
188,free,604107971,24,96,1950409828,19
189,alloc,123961122,24,96,1950409828,19
193,free,123961122,24,96,1950409828,19
194,alloc,1227229563,24,96,1950409828,19
198,free,1227229563,24,96,1950409828,19
199,alloc,1982791261,24,96,1950409828,19
203,free,1982791261,24,96,1950409828,19
204,alloc,1562557367,24,96,1950409828,19
208,free,1562557367,24,96,1950409828,19
209,alloc,1101288798,24,96,1950409828,19
213,free,1101288798,24,96,1950409828,19
214,alloc,942731712,24,96,1950409828,19
218,free,942731712,24,96,1950409828,19
219,alloc,971848845,24,96,1950409828,19
223,free,971848845,24,96,1950409828,19
224,alloc,1910163204,24,96,1950409828,19
228,free,1910163204,24,96,1950409828,19
229,alloc,305623748,24,96,1950409828,19
233,free,305623748,24,96,1950409828,19
234,alloc,758529971,24,96,1950409828,19
238,free,758529971,24,96,1950409828,19
239,alloc,2104457164,24,96,1950409828,19
243,free,2104457164,24,96,1950409828,19
244,alloc,1521118594,24,96,1950409828,19
248,free,1521118594,24,96,1950409828,19
249,alloc,1940030785,24,96,1950409828,19
253,free,1940030785,24,96,1950409828,19
254,alloc,1869997857,24,96,1950409828,19
258,free,1869997857,24,96,1950409828,19
259,alloc,1763847188,24,96,1950409828,19
263,free,1763847188,24,96,1950409828,19
264,alloc,1617791695,24,96,1950409828,19
268,free,1617791695,24,96,1950409828,19
269,alloc,125993742,24,96,1950409828,19
273,free,125993742,24,96,1950409828,19
274,alloc,1192108080,24,96,1950409828,19
278,free,1192108080,24,96,1950409828,19
279,alloc,1068824137,24,96,1950409828,19
283,free,1068824137,24,96,1950409828,19
284,alloc,864237698,24,96,1950409828,19
288,free,864237698,24,96,1950409828,19
289,alloc,537548559,24,96,1950409828,19
293,free,537548559,24,96,1950409828,19
294,alloc,380894366,24,96,1950409828,19
298,free,380894366,24,96,1950409828,19
299,alloc,237852351,24,96,1950409828,19
303,free,237852351,24,96,1950409828,19
304,alloc,608188624,24,96,1950409828,19
308,free,608188624,24,96,1950409828,19
309,alloc,1451270520,24,96,1950409828,19
313,free,1451270520,24,96,1950409828,19
314,alloc,1608446010,24,96,1950409828,19
318,free,1608446010,24,96,1950409828,19
319,alloc,992136656,24,96,1950409828,19
323,free,992136656,24,96,1950409828,19
324,alloc,511833308,24,96,1950409828,19
328,free,511833308,24,96,1950409828,19
329,alloc,1297685781,24,96,1950409828,19
333,free,1297685781,24,96,1950409828,19
334,alloc,1705929636,24,96,1950409828,19
338,free,1705929636,24,96,1950409828,19
339,alloc,1221555852,24,96,1950409828,19
343,free,1221555852,24,96,1950409828,19
344,alloc,1509514333,24,96,1950409828,19
348,free,1509514333,24,96,1950409828,19
349,alloc,1556956098,24,96,1950409828,19
353,free,1556956098,24,96,1950409828,19
354,alloc,1252585652,24,96,1950409828,19
358,free,1252585652,24,96,1950409828,19
359,alloc,2036368507,24,96,1950409828,19
363,free,2036368507,24,96,1950409828,19
364,alloc,1785210046,24,96,1950409828,19
368,free,1785210046,24,96,1950409828,19
369,alloc,1552787810,24,96,1950409828,19
373,free,1552787810,24,96,1950409828,19
374,alloc,1361960727,24,96,1950409828,19
378,free,1361960727,24,96,1950409828,19
379,alloc,739498517,24,96,1950409828,19
383,free,739498517,24,96,1950409828,19
384,alloc,125130493,24,96,1950409828,19
388,free,125130493,24,96,1950409828,19
389,alloc,914504136,24,96,1950409828,19
393,free,914504136,24,96,1950409828,19
394,alloc,166239592,24,96,1950409828,19
398,free,166239592,24,96,1950409828,19
399,alloc,991505714,24,96,1950409828,19
403,free,991505714,24,96,1950409828,19
404,alloc,385242642,24,96,1950409828,19
408,free,385242642,24,96,1950409828,19
409,alloc,824009085,24,96,1950409828,19
413,free,824009085,24,96,1950409828,19
414,alloc,2085857771,24,96,1950409828,19
418,free,2085857771,24,96,1950409828,19
419,alloc,248609774,24,96,1950409828,19
423,free,248609774,24,96,1950409828,19
424,alloc,708049632,24,96,1950409828,19
428,free,708049632,24,96,1950409828,19
429,alloc,1887400018,24,96,1950409828,19
433,free,1887400018,24,96,1950409828,19
434,alloc,285377351,24,96,1950409828,19
438,free,285377351,24,96,1950409828,19
439,alloc,344560770,24,96,1950409828,19
443,free,344560770,24,96,1950409828,19
444,alloc,559450121,24,96,1950409828,19
448,free,559450121,24,96,1950409828,19
449,alloc,716083600,24,96,1950409828,19
453,free,716083600,24,96,1950409828,19
454,alloc,791885625,24,96,1950409828,19
458,free,791885625,24,96,1950409828,19
459,alloc,2001112025,24,96,1950409828,19
463,free,2001112025,24,96,1950409828,19
464,alloc,314265080,24,96,1950409828,19
468,free,314265080,24,96,1950409828,19
469,alloc,1288141870,24,96,1950409828,19
473,free,1288141870,24,96,1950409828,19
474,alloc,2054881392,24,96,1950409828,19
478,free,2054881392,24,96,1950409828,19
479,alloc,966808741,24,96,1950409828,19
483,free,966808741,24,96,1950409828,19
484,alloc,1908153060,24,96,1950409828,19
488,free,1908153060,24,96,1950409828,19
489,alloc,116211441,24,96,1950409828,19
493,free,116211441,24,96,1950409828,19
494,alloc,607635164,24,96,1950409828,19
498,free,607635164,24,96,1950409828,19
499,alloc,529116035,24,96,1950409828,19
503,free,529116035,24,96,1950409828,19
504,alloc,242481580,24,96,1950409828,19
508,free,242481580,24,96,1950409828,19
509,alloc,1627800613,24,96,1950409828,19
513,free,1627800613,24,96,1950409828,19
514,alloc,2065530879,24,96,1950409828,19
518,free,2065530879,24,96,1950409828,19
519,alloc,697960108,24,96,1950409828,19
523,free,697960108,24,96,1950409828,19
524,alloc,943010986,24,96,1950409828,19
528,free,943010986,24,96,1950409828,19
529,alloc,1807837413,24,96,1950409828,19
533,free,1807837413,24,96,1950409828,19
534,alloc,2066940133,24,96,1950409828,19
538,free,2066940133,24,96,1950409828,19
539,alloc,48612937,24,96,1950409828,19
543,free,48612937,24,96,1950409828,19
544,alloc,325333723,24,96,1950409828,19
548,free,325333723,24,96,1950409828,19
549,alloc,1937962514,24,96,1950409828,19
553,free,1937962514,24,96,1950409828,19
554,alloc,274064559,24,96,1950409828,19
558,free,274064559,24,96,1950409828,19
559,alloc,1018081122,24,96,1950409828,19
563,free,1018081122,24,96,1950409828,19
564,alloc,242131142,24,96,1950409828,19
568,free,242131142,24,96,1950409828,19
569,alloc,1782113663,24,96,1950409828,19
573,free,1782113663,24,96,1950409828,19
574,alloc,1433867275,24,96,1950409828,19
578,free,1433867275,24,96,1950409828,19
579,alloc,476800120,24,96,1950409828,19
583,free,476800120,24,96,1950409828,19
584,alloc,1744347043,24,96,1950409828,19
588,free,1744347043,24,96,1950409828,19
589,alloc,1254526270,24,96,1950409828,19
593,free,1254526270,24,96,1950409828,19
594,alloc,662441761,24,96,1950409828,19
598,free,662441761,24,96,1950409828,19
599,alloc,1618212626,24,96,1950409828,19
603,free,1618212626,24,96,1950409828,19
604,alloc,1129670968,24,96,1950409828,19
608,free,1129670968,24,96,1950409828,19
609,alloc,1023714065,24,96,1950409828,19
613,free,1023714065,24,96,1950409828,19
614,alloc,2051450519,24,96,1950409828,19
618,free,2051450519,24,96,1950409828,19
619,alloc,99747242,24,96,1950409828,19
623,free,99747242,24,96,1950409828,19
624,alloc,1837543557,24,96,1950409828,19
628,free,1837543557,24,96,1950409828,19
629,alloc,1971489295,24,96,1950409828,19
633,free,1971489295,24,96,1950409828,19
634,alloc,985655350,24,96,1950409828,19
638,free,985655350,24,96,1950409828,19
639,alloc,804611486,24,96,1950409828,19
643,free,804611486,24,96,1950409828,19
644,alloc,2008017533,24,96,1950409828,19
648,free,2008017533,24,96,1950409828,19
649,alloc,370988149,24,96,1950409828,19
653,free,370988149,24,96,1950409828,19
654,alloc,1395089624,24,96,1950409828,19
658,free,1395089624,24,96,1950409828,19
659,alloc,1476011703,24,96,1950409828,19
663,free,1476011703,24,96,1950409828,19
664,alloc,1603195447,24,96,1950409828,19
668,free,1603195447,24,96,1950409828,19
669,alloc,792791759,24,96,1950409828,19
673,free,792791759,24,96,1950409828,19
674,alloc,1191747167,24,96,1950409828,19
678,free,1191747167,24,96,1950409828,19
679,alloc,1094834071,24,96,1950409828,19
683,free,1094834071,24,96,1950409828,19
684,alloc,1761061602,24,96,1950409828,19
688,free,1761061602,24,96,1950409828,19
689,alloc,1330106945,24,96,1950409828,19
693,free,1330106945,24,96,1950409828,19
694,alloc,1279149968,24,96,1950409828,19
698,free,1279149968,24,96,1950409828,19
699,alloc,59559151,24,96,1950409828,19
703,free,59559151,24,96,1950409828,19
704,alloc,1450821318,24,96,1950409828,19
708,free,1450821318,24,96,1950409828,19
709,alloc,668849042,24,96,1950409828,19
713,free,668849042,24,96,1950409828,19
714,alloc,434176574,24,96,1950409828,19
718,free,434176574,24,96,1950409828,19
719,alloc,2096057945,24,96,1950409828,19
723,free,2096057945,24,96,1950409828,19
724,alloc,1689843956,24,96,1950409828,19
728,free,1689843956,24,96,1950409828,19
729,alloc,766572210,24,96,1950409828,19
733,free,766572210,24,96,1950409828,19
734,alloc,1020391880,24,96,1950409828,19
738,free,1020391880,24,96,1950409828,19
739,alloc,977993101,24,96,1950409828,19
743,free,977993101,24,96,1950409828,19
744,alloc,429313384,24,96,1950409828,19
748,free,429313384,24,96,1950409828,19
749,alloc,859417998,24,96,1950409828,19
753,free,859417998,24,96,1950409828,19
754,alloc,5592464,24,96,1950409828,19
758,free,5592464,24,96,1950409828,19
759,alloc,1830712962,24,96,1950409828,19
763,free,1830712962,24,96,1950409828,19
764,alloc,1112280004,24,96,1950409828,19
768,free,1112280004,24,96,1950409828,19
769,alloc,1013423070,24,96,1950409828,19
773,free,1013423070,24,96,1950409828,19
774,alloc,380936215,24,96,1950409828,19
778,free,380936215,24,96,1950409828,19
779,alloc,142638629,24,96,1950409828,19
783,free,142638629,24,96,1950409828,19
784,alloc,707806938,24,96,1950409828,19
788,free,707806938,24,96,1950409828,19
789,alloc,705265961,24,96,1950409828,19
793,free,705265961,24,96,1950409828,19
794,alloc,428746855,24,96,1950409828,19
798,free,428746855,24,96,1950409828,19
799,alloc,317983781,24,96,1950409828,19
803,free,317983781,24,96,1950409828,19
804,alloc,987405879,24,96,1950409828,19
808,free,987405879,24,96,1950409828,19
809,alloc,1555845260,24,96,1950409828,19
813,free,1555845260,24,96,1950409828,19
814,alloc,874088044,24,96,1950409828,19
818,free,874088044,24,96,1950409828,19
819,alloc,104739310,24,96,1950409828,19
823,free,104739310,24,96,1950409828,19
824,alloc,1761291320,24,96,1950409828,19
828,free,1761291320,24,96,1950409828,19
829,alloc,1451043227,24,96,1950409828,19
833,free,1451043227,24,96,1950409828,19
834,alloc,783286238,24,96,1950409828,19
838,free,783286238,24,96,1950409828,19
839,alloc,1500056228,24,96,1950409828,19
843,free,1500056228,24,96,1950409828,19
844,alloc,1749186397,24,96,1950409828,19
848,free,1749186397,24,96,1950409828,19
849,alloc,1464642111,24,96,1950409828,19
853,free,1464642111,24,96,1950409828,19
854,alloc,105704967,24,96,1950409828,19
858,free,105704967,24,96,1950409828,19
859,alloc,392292416,24,96,1950409828,19
863,free,392292416,24,96,1950409828,19
864,alloc,1818402158,24,96,1950409828,19
868,free,1818402158,24,96,1950409828,19
869,alloc,1590550415,24,96,1950409828,19
873,free,1590550415,24,96,1950409828,19
874,alloc,1058025095,24,96,1950409828,19
878,free,1058025095,24,96,1950409828,19
879,alloc,665576141,24,96,1950409828,19
883,free,665576141,24,96,1950409828,19
884,alloc,1599771323,24,96,1950409828,19
888,free,1599771323,24,96,1950409828,19
889,alloc,1876631416,24,96,1950409828,19
893,free,1876631416,24,96,1950409828,19
894,alloc,1359044626,24,96,1950409828,19
898,free,1359044626,24,96,1950409828,19
899,alloc,692342133,24,96,1950409828,19
903,free,692342133,24,96,1950409828,19
904,alloc,578866604,24,96,1950409828,19
908,free,578866604,24,96,1950409828,19
909,alloc,353842779,24,96,1950409828,19
913,free,353842779,24,96,1950409828,19
914,alloc,1338823963,24,96,1950409828,19
918,free,1338823963,24,96,1950409828,19
919,alloc,1156060786,24,96,1950409828,19
923,free,1156060786,24,96,1950409828,19
924,alloc,1612799726,24,96,1950409828,19
928,free,1612799726,24,96,1950409828,19
929,alloc,1286084959,24,96,1950409828,19
933,free,1286084959,24,96,1950409828,19
934,alloc,1709537756,24,96,1950409828,19
938,free,1709537756,24,96,1950409828,19
939,alloc,1639622804,24,96,1950409828,19
943,free,1639622804,24,96,1950409828,19
944,alloc,184966243,24,96,1950409828,19
948,free,184966243,24,96,1950409828,19
949,alloc,124313277,24,96,1950409828,19
953,free,124313277,24,96,1950409828,19
954,alloc,1225616405,24,96,1950409828,19
958,free,1225616405,24,96,1950409828,19
959,alloc,2101842856,24,96,1950409828,19
963,free,2101842856,24,96,1950409828,19
964,alloc,1151020327,24,96,1950409828,19
968,free,1151020327,24,96,1950409828,19
969,alloc,88579647,24,96,1950409828,19
973,free,88579647,24,96,1950409828,19
974,alloc,654845766,24,96,1950409828,19
978,free,654845766,24,96,1950409828,19
979,alloc,1712536284,24,96,1950409828,19
983,free,1712536284,24,96,1950409828,19
984,alloc,2080166188,24,96,1950409828,19
988,free,2080166188,24,96,1950409828,19
989,alloc,1123225098,24,96,1950409828,19
993,free,1123225098,24,96,1950409828,19
994,alloc,606548741,24,96,1950409828,19
998,free,606548741,24,96,1950409828,19
999,alloc,1528637575,24,96,1950409828,19
1003,free,1528637575,24,96,1950409828,19
1004,alloc,1190524793,24,96,1950409828,19
1008,free,1190524793,24,96,1950409828,19
1009,alloc,472654579,24,96,1950409828,19
1013,free,472654579,24,96,1950409828,19
1014,alloc,26117480,24,96,1950409828,19
1018,free,26117480,24,96,1950409828,19
1019,alloc,870698190,24,96,1950409828,19
1023,free,870698190,24,96,1950409828,19
1024,alloc,1514322932,24,96,1950409828,19
1028,free,1514322932,24,96,1950409828,19
1029,alloc,654582261,24,96,1950409828,19
1033,free,654582261,24,96,1950409828,19
1034,alloc,1389647288,24,96,1950409828,19
1038,free,1389647288,24,96,1950409828,19
1039,alloc,1330278544,24,96,1950409828,19
1043,free,1330278544,24,96,1950409828,19
1044,alloc,1634198,24,96,1950409828,19
1048,free,1634198,24,96,1950409828,19
1049,alloc,110456297,24,96,1950409828,19
1053,free,110456297,24,96,1950409828,19
1054,alloc,1989972246,24,96,1950409828,19
1058,free,1989972246,24,96,1950409828,19
1059,alloc,1791930789,24,96,1950409828,19
1063,free,1791930789,24,96,1950409828,19
1064,alloc,762152757,24,96,1950409828,19
1068,free,762152757,24,96,1950409828,19
1069,alloc,12209492,24,96,1950409828,19
1073,free,12209492,24,96,1950409828,19
1074,alloc,314337396,24,96,1950409828,19
1078,free,314337396,24,96,1950409828,19
1079,alloc,232824863,24,96,1950409828,19
1083,free,232824863,24,96,1950409828,19
1084,alloc,1282788025,24,96,1950409828,19
1088,free,1282788025,24,96,1950409828,19
1089,alloc,519569038,24,96,1950409828,19
1093,free,519569038,24,96,1950409828,19
1094,alloc,1870252780,24,96,1950409828,19
1098,free,1870252780,24,96,1950409828,19
1099,alloc,1729199940,24,96,1950409828,19
1103,free,1729199940,24,96,1950409828,19
1104,alloc,97730845,24,96,1950409828,19
1108,free,97730845,24,96,1950409828,19
1109,alloc,611437735,24,96,1950409828,19
1113,free,611437735,24,96,1950409828,19
1114,alloc,100555887,24,96,1950409828,19
1118,free,100555887,24,96,1950409828,19
1119,alloc,1769597131,24,96,1950409828,19
1123,free,1769597131,24,96,1950409828,19
1124,alloc,1983747920,24,96,1950409828,19
1128,free,1983747920,24,96,1950409828,19
1129,alloc,1543727556,24,96,1950409828,19
1133,free,1543727556,24,96,1950409828,19
1134,alloc,736709391,24,96,1950409828,19
1138,free,736709391,24,96,1950409828,19
1139,alloc,225493257,24,96,1950409828,19
1143,free,225493257,24,96,1950409828,19
1144,alloc,401424608,24,96,1950409828,19
1148,free,401424608,24,96,1950409828,19
1149,alloc,1348949648,24,96,1950409828,19
1153,free,1348949648,24,96,1950409828,19
1154,alloc,834133664,24,96,1950409828,19
1158,free,834133664,24,96,1950409828,19
1159,alloc,985934102,24,96,1950409828,19
1163,free,985934102,24,96,1950409828,19
1164,alloc,1205044462,24,96,1950409828,19
1168,free,1205044462,24,96,1950409828,19
1169,alloc,761960786,24,96,1950409828,19
1173,free,761960786,24,96,1950409828,19
1174,alloc,581374081,24,96,1950409828,19
1178,free,581374081,24,96,1950409828,19
1179,alloc,959447386,24,96,1950409828,19
1183,free,959447386,24,96,1950409828,19
1184,alloc,1654589030,24,96,1950409828,19
1188,free,1654589030,24,96,1950409828,19
1189,alloc,466002798,24,96,1950409828,19
1193,free,466002798,24,96,1950409828,19
1194,alloc,33524623,24,96,1950409828,19
1198,free,33524623,24,96,1950409828,19
1199,alloc,947679291,24,96,1950409828,19
1203,free,947679291,24,96,1950409828,19
1204,alloc,575335780,24,96,1950409828,19
1208,free,575335780,24,96,1950409828,19
1209,alloc,205125520,24,96,1950409828,19
1213,free,205125520,24,96,1950409828,19
1214,alloc,1911006827,24,96,1950409828,19
1218,free,1911006827,24,96,1950409828,19
1219,alloc,717356484,24,96,1950409828,19
1223,free,717356484,24,96,1950409828,19
1224,alloc,1595212853,24,96,1950409828,19
1228,free,1595212853,24,96,1950409828,19
1229,alloc,475266352,24,96,1950409828,19
1233,free,475266352,24,96,1950409828,19
1234,alloc,1355531311,24,96,1950409828,19
1238,free,1355531311,24,96,1950409828,19
1239,alloc,1967205423,24,96,1950409828,19
1243,free,1967205423,24,96,1950409828,19
1244,alloc,42121758,24,96,1950409828,19
1248,free,42121758,24,96,1950409828,19
1249,alloc,20671747,24,96,1950409828,19
1253,free,20671747,24,96,1950409828,19
1254,alloc,257895351,24,96,1950409828,19
1258,free,257895351,24,96,1950409828,19
1259,alloc,1929600551,24,96,1950409828,19
1263,free,1929600551,24,96,1950409828,19
1264,alloc,1690716179,24,96,1950409828,19
1268,free,1690716179,24,96,1950409828,19
1269,alloc,1053782781,24,96,1950409828,19
1273,free,1053782781,24,96,1950409828,19
1274,alloc,1211888640,24,96,1950409828,19
1278,free,1211888640,24,96,1950409828,19
1279,alloc,564160838,24,96,1950409828,19
1283,free,564160838,24,96,1950409828,19
1284,alloc,2012232625,24,96,1950409828,19
1288,free,2012232625,24,96,1950409828,19
1289,alloc,846063400,24,96,1950409828,19
1293,free,846063400,24,96,1950409828,19
1294,alloc,627150481,24,96,1950409828,19
1298,free,627150481,24,96,1950409828,19
1299,alloc,128526626,24,96,1950409828,19
1303,free,128526626,24,96,1950409828,19
1304,alloc,1911728085,24,96,1950409828,19
1308,free,1911728085,24,96,1950409828,19
1309,alloc,754666084,24,96,1950409828,19
1313,free,754666084,24,96,1950409828,19
1314,alloc,88558700,24,96,1950409828,19
1318,free,88558700,24,96,1950409828,19
1319,alloc,1265210847,24,96,1950409828,19
1323,free,1265210847,24,96,1950409828,19
1324,alloc,801197928,24,96,1950409828,19
1328,free,801197928,24,96,1950409828,19
1329,alloc,1495242910,24,96,1950409828,19
1333,free,1495242910,24,96,1950409828,19
1334,alloc,1711574013,24,96,1950409828,19
1338,free,1711574013,24,96,1950409828,19
1339,alloc,1631862159,24,96,1950409828,19
1343,free,1631862159,24,96,1950409828,19
1344,alloc,1146848448,24,96,1950409828,19
1348,free,1146848448,24,96,1950409828,19
1349,alloc,1638215613,24,96,1950409828,19
1353,free,1638215613,24,96,1950409828,19
1354,alloc,591137559,24,96,1950409828,19
1358,free,591137559,24,96,1950409828,19
1359,alloc,1674896058,24,96,1950409828,19
1363,free,1674896058,24,96,1950409828,19
1364,alloc,2075203460,24,96,1950409828,19
1368,free,2075203460,24,96,1950409828,19
1369,alloc,866191240,24,96,1950409828,19
1373,free,866191240,24,96,1950409828,19
1374,alloc,1879492184,24,96,1950409828,19
1378,free,1879492184,24,96,1950409828,19
1379,alloc,872627152,24,96,1950409828,19
1383,free,872627152,24,96,1950409828,19
1384,alloc,1207769059,24,96,1950409828,19
1388,free,1207769059,24,96,1950409828,19
1389,alloc,2094777811,24,96,1950409828,19
1393,free,2094777811,24,96,1950409828,19
1394,alloc,984213526,24,96,1950409828,19
1398,free,984213526,24,96,1950409828,19
1399,alloc,400136488,24,96,1950409828,19
1403,free,400136488,24,96,1950409828,19
1404,alloc,942986815,24,96,1950409828,19
1408,free,942986815,24,96,1950409828,19
1409,alloc,451111351,24,96,1950409828,19
1413,free,451111351,24,96,1950409828,19
1414,alloc,1879034789,24,96,1950409828,19
1418,free,1879034789,24,96,1950409828,19
1419,alloc,875827115,24,96,1950409828,19
1423,free,875827115,24,96,1950409828,19
1424,alloc,716157500,24,96,1950409828,19
1428,free,716157500,24,96,1950409828,19
1429,alloc,729864207,24,96,1950409828,19
1433,free,729864207,24,96,1950409828,19
1434,alloc,984849465,24,96,1950409828,19
1438,free,984849465,24,96,1950409828,19
1439,alloc,787387795,24,96,1950409828,19
1443,free,787387795,24,96,1950409828,19
1444,alloc,2030562336,24,96,1950409828,19
1448,free,2030562336,24,96,1950409828,19
1449,alloc,1416233903,24,96,1950409828,19
1453,free,1416233903,24,96,1950409828,19
1454,alloc,1914572623,24,96,1950409828,19
1458,free,1914572623,24,96,1950409828,19
1459,alloc,679890578,24,96,1950409828,19
1463,free,679890578,24,96,1950409828,19
1464,alloc,1856426318,24,96,1950409828,19
1468,free,1856426318,24,96,1950409828,19
1469,alloc,1792393294,24,96,1950409828,19
1473,free,1792393294,24,96,1950409828,19
1474,alloc,1748225580,24,96,1950409828,19
1478,free,1748225580,24,96,1950409828,19
1479,alloc,1918627686,24,96,1950409828,19
1483,free,1918627686,24,96,1950409828,19
1484,alloc,716143810,24,96,1950409828,19
1488,free,716143810,24,96,1950409828,19
1489,alloc,1849433705,24,96,1950409828,19
1493,free,1849433705,24,96,1950409828,19
1494,alloc,411631404,24,96,1950409828,19
1498,free,411631404,24,96,1950409828,19
1499,alloc,897913732,24,96,1950409828,19
1503,free,897913732,24,96,1950409828,19
1504,alloc,1688019098,24,96,1950409828,19
1508,free,1688019098,24,96,1950409828,19
1509,alloc,1792845110,24,96,1950409828,19
1513,free,1792845110,24,96,1950409828,19
1514,alloc,896681694,24,96,1950409828,19
1518,free,896681694,24,96,1950409828,19
1519,alloc,687241927,24,96,1950409828,19
1523,free,687241927,24,96,1950409828,19
1524,alloc,627185331,24,96,1950409828,19
1528,free,627185331,24,96,1950409828,19
1529,alloc,706277948,24,96,1950409828,19
1533,free,706277948,24,96,1950409828,19
1534,alloc,226170135,24,96,1950409828,19
1538,free,226170135,24,96,1950409828,19
1539,alloc,381707837,24,96,1950409828,19
1543,free,381707837,24,96,1950409828,19
1544,alloc,589446616,24,96,1950409828,19
1548,free,589446616,24,96,1950409828,19
1549,alloc,1321640594,24,96,1950409828,19
1553,free,1321640594,24,96,1950409828,19
1554,alloc,457233904,24,96,1950409828,19
1558,free,457233904,24,96,1950409828,19
1559,alloc,245672235,24,96,1950409828,19
1563,free,245672235,24,96,1950409828,19
1564,alloc,1012570586,24,96,1950409828,19
1568,free,1012570586,24,96,1950409828,19
1569,alloc,1207140081,24,96,1950409828,19
1573,free,1207140081,24,96,1950409828,19
1574,alloc,1510067370,24,96,1950409828,19
1578,free,1510067370,24,96,1950409828,19
1579,alloc,1908923184,24,96,1950409828,19
1583,free,1908923184,24,96,1950409828,19
1584,alloc,431687835,24,96,1950409828,19
1588,free,431687835,24,96,1950409828,19
1589,alloc,1164175787,24,96,1950409828,19
1593,free,1164175787,24,96,1950409828,19
1594,alloc,290658609,24,96,1950409828,19
1598,free,290658609,24,96,1950409828,19
1599,alloc,1577213552,24,96,1950409828,19
1603,free,1577213552,24,96,1950409828,19
1604,alloc,532445947,24,96,1950409828,19
1608,free,532445947,24,96,1950409828,19
1609,alloc,1170794006,24,96,1950409828,19
1613,free,1170794006,24,96,1950409828,19
1614,alloc,1289479439,24,96,1950409828,19
1618,free,1289479439,24,96,1950409828,19
1619,alloc,6738746,24,96,1950409828,19
1623,free,6738746,24,96,1950409828,19
1624,alloc,2096171631,24,96,1950409828,19
1628,free,2096171631,24,96,1950409828,19
1629,alloc,2114694065,24,96,1950409828,19
1633,free,2114694065,24,96,1950409828,19
1634,alloc,1844169442,24,96,1950409828,19
1638,free,1844169442,24,96,1950409828,19
1639,alloc,1537358694,24,96,1950409828,19
1643,free,1537358694,24,96,1950409828,19
1644,alloc,804581391,24,96,1950409828,19
1648,free,804581391,24,96,1950409828,19
1649,alloc,209813603,24,96,1950409828,19
1653,free,209813603,24,96,1950409828,19
1654,alloc,1057941451,24,96,1950409828,19
1658,free,1057941451,24,96,1950409828,19
1659,alloc,1975358023,24,96,1950409828,19
1663,free,1975358023,24,96,1950409828,19
1664,alloc,2101440631,24,96,1950409828,19
1668,free,2101440631,24,96,1950409828,19
1669,alloc,2109957412,24,96,1950409828,19
1673,free,2109957412,24,96,1950409828,19
1674,alloc,901506536,24,96,1950409828,19
1678,free,901506536,24,96,1950409828,19
1679,alloc,747464370,24,96,1950409828,19
1683,free,747464370,24,96,1950409828,19
1684,alloc,1513712028,24,96,1950409828,19
1688,free,1513712028,24,96,1950409828,19
1689,alloc,1018547642,24,96,1950409828,19
1693,free,1018547642,24,96,1950409828,19
1694,alloc,1456208737,24,96,1950409828,19
1698,free,1456208737,24,96,1950409828,19
1699,alloc,288665596,24,96,1950409828,19
1703,free,288665596,24,96,1950409828,19
1704,alloc,13648335,24,96,1950409828,19
1708,free,13648335,24,96,1950409828,19
1709,alloc,312116338,24,96,1950409828,19
1713,free,312116338,24,96,1950409828,19
1714,alloc,453211571,24,96,1950409828,19
1718,free,453211571,24,96,1950409828,19
1719,alloc,796684896,24,96,1950409828,19
1723,free,796684896,24,96,1950409828,19
1724,alloc,757108857,24,96,1950409828,19
1728,free,757108857,24,96,1950409828,19
1729,alloc,1809787067,24,96,1950409828,19
1733,free,1809787067,24,96,1950409828,19
1734,alloc,1802598046,24,96,1950409828,19
1738,free,1802598046,24,96,1950409828,19
1739,alloc,659748578,24,96,1950409828,19
1743,free,659748578,24,96,1950409828,19
1744,alloc,240650537,24,96,1950409828,19
1748,free,240650537,24,96,1950409828,19
1749,alloc,483422889,24,96,1950409828,19
1753,free,483422889,24,96,1950409828,19
1754,alloc,2088051243,24,96,1950409828,19
1758,free,2088051243,24,96,1950409828,19
1759,alloc,1277181601,24,96,1950409828,19
1763,free,1277181601,24,96,1950409828,19
1764,alloc,41903949,24,96,1950409828,19
1768,free,41903949,24,96,1950409828,19
1769,alloc,488970385,24,96,1950409828,19
1773,free,488970385,24,96,1950409828,19
1774,alloc,1209271652,24,96,1950409828,19
1778,free,1209271652,24,96,1950409828,19
1779,alloc,93122545,24,96,1950409828,19
1783,free,93122545,24,96,1950409828,19
1784,alloc,2083562754,24,96,1950409828,19
1788,free,2083562754,24,96,1950409828,19
1789,alloc,1239731077,24,96,1950409828,19
1793,free,1239731077,24,96,1950409828,19
1794,alloc,557041912,24,96,1950409828,19
1798,free,557041912,24,96,1950409828,19
1799,alloc,1134712904,24,96,1950409828,19
1803,free,1134712904,24,96,1950409828,19
1804,alloc,985922955,24,96,1950409828,19
1808,free,985922955,24,96,1950409828,19
1809,alloc,1435804085,24,96,1950409828,19
1813,free,1435804085,24,96,1950409828,19
1814,alloc,1784662007,24,96,1950409828,19
1818,free,1784662007,24,96,1950409828,19
1819,alloc,997110508,24,96,1950409828,19
1823,free,997110508,24,96,1950409828,19
1824,alloc,509886383,24,96,1950409828,19
1828,free,509886383,24,96,1950409828,19
1829,alloc,1854778591,24,96,1950409828,19
1833,free,1854778591,24,96,1950409828,19
1834,alloc,2054798982,24,96,1950409828,19
1838,free,2054798982,24,96,1950409828,19
1839,alloc,885951223,24,96,1950409828,19
1843,free,885951223,24,96,1950409828,19
1844,alloc,191382150,24,96,1950409828,19
1848,free,191382150,24,96,1950409828,19
1849,alloc,142666848,24,96,1950409828,19
1853,free,142666848,24,96,1950409828,19
1854,alloc,1060830840,24,96,1950409828,19
1858,free,1060830840,24,96,1950409828,19
1859,alloc,2137211482,24,96,1950409828,19
1863,free,2137211482,24,96,1950409828,19
1864,alloc,920011586,24,96,1950409828,19
1868,free,920011586,24,96,1950409828,19
1869,alloc,968514068,24,96,1950409828,19
1873,free,968514068,24,96,1950409828,19
1874,alloc,1360767589,24,96,1950409828,19
1878,free,1360767589,24,96,1950409828,19
1879,alloc,873415566,24,96,1950409828,19
1883,free,873415566,24,96,1950409828,19
1884,alloc,818403870,24,96,1950409828,19
1888,free,818403870,24,96,1950409828,19
1889,alloc,1531333864,24,96,1950409828,19
1893,free,1531333864,24,96,1950409828,19
1894,alloc,1468177767,24,96,1950409828,19
1898,free,1468177767,24,96,1950409828,19
1899,alloc,434091818,24,96,1950409828,19
1903,free,434091818,24,96,1950409828,19
1904,alloc,398887205,24,96,1950409828,19
1908,free,398887205,24,96,1950409828,19
1909,alloc,2114889273,24,96,1950409828,19
1913,free,2114889273,24,96,1950409828,19
1914,alloc,1025799482,24,96,1950409828,19
1918,free,1025799482,24,96,1950409828,19
1919,alloc,1504109395,24,96,1950409828,19
1923,free,1504109395,24,96,1950409828,19
1924,alloc,2047526627,24,96,1950409828,19
1928,free,2047526627,24,96,1950409828,19
1929,alloc,1908316405,24,96,1950409828,19
1933,free,1908316405,24,96,1950409828,19
1934,alloc,1873653341,24,96,1950409828,19
1938,free,1873653341,24,96,1950409828,19
1939,alloc,25126016,24,96,1950409828,19
1943,free,25126016,24,96,1950409828,19
1944,alloc,762218386,24,96,1950409828,19
1948,free,762218386,24,96,1950409828,19
1949,alloc,672320506,24,96,1950409828,19
1953,free,672320506,24,96,1950409828,19
1954,alloc,718231523,24,96,1950409828,19
1958,free,718231523,24,96,1950409828,19
1959,alloc,1349414238,24,96,1950409828,19
1963,free,1349414238,24,96,1950409828,19
1964,alloc,157627094,24,96,1950409828,19
1968,free,157627094,24,96,1950409828,19
1969,alloc,932607259,24,96,1950409828,19
1973,free,932607259,24,96,1950409828,19
1974,alloc,1740000325,24,96,1950409828,19
1978,free,1740000325,24,96,1950409828,19
1979,alloc,1142020464,24,96,1950409828,19
1983,free,1142020464,24,96,1950409828,19
1984,alloc,1682092198,24,96,1950409828,19
1988,free,1682092198,24,96,1950409828,19
1989,alloc,1626877848,24,96,1950409828,19
1993,free,1626877848,24,96,1950409828,19
1994,alloc,905544614,24,96,1950409828,19
1998,free,905544614,24,96,1950409828,19
1999,alloc,2137589296,24,96,1950409828,19
2003,free,2137589296,24,96,1950409828,19
2004,alloc,249515771,24,96,1950409828,19
2008,free,249515771,24,96,1950409828,19
2009,alloc,796533847,24,96,1950409828,19
2013,free,796533847,24,96,1950409828,19
2014,alloc,1449621165,24,96,1950409828,19
2018,free,1449621165,24,96,1950409828,19
2019,alloc,1627960023,24,96,1950409828,19
2023,free,1627960023,24,96,1950409828,19
2024,alloc,357863579,24,96,1950409828,19
2028,free,357863579,24,96,1950409828,19
2029,alloc,1811044090,24,96,1950409828,19
2033,free,1811044090,24,96,1950409828,19
2034,alloc,114132791,24,96,1950409828,19
2038,free,114132791,24,96,1950409828,19
2039,alloc,586617651,24,96,1950409828,19
2043,free,586617651,24,96,1950409828,19
2044,alloc,328638398,24,96,1950409828,19
2048,free,328638398,24,96,1950409828,19
2049,alloc,1789550256,24,96,1950409828,19
2053,free,1789550256,24,96,1950409828,19
2054,alloc,3447021,24,96,1950409828,19
2058,free,3447021,24,96,1950409828,19
2059,alloc,440434003,24,96,1950409828,19
2063,free,440434003,24,96,1950409828,19
2064,alloc,1032616650,24,96,1950409828,19
2068,free,1032616650,24,96,1950409828,19
2069,alloc,99347477,24,96,1950409828,19
2073,free,99347477,24,96,1950409828,19
2074,alloc,566034357,24,96,1950409828,19
2078,free,566034357,24,96,1950409828,19
2079,alloc,940553268,24,96,1950409828,19
2083,free,940553268,24,96,1950409828,19
2084,alloc,1720435669,24,96,1950409828,19
2088,free,1720435669,24,96,1950409828,19
2089,alloc,1020923989,24,96,1950409828,19
2093,free,1020923989,24,96,1950409828,19
2094,alloc,2052915500,24,96,1950409828,19
2098,free,2052915500,24,96,1950409828,19
2099,alloc,1068934215,24,96,1950409828,19
2103,free,1068934215,24,96,1950409828,19
2104,alloc,127618319,24,96,1950409828,19
2108,free,127618319,24,96,1950409828,19
2109,alloc,1798286609,24,96,1950409828,19
2113,free,1798286609,24,96,1950409828,19
2114,alloc,2036958521,24,96,1950409828,19
2118,free,2036958521,24,96,1950409828,19
2119,alloc,1945604815,24,96,1950409828,19
2123,free,1945604815,24,96,1950409828,19
2124,alloc,785992331,24,96,1950409828,19
2128,free,785992331,24,96,1950409828,19
2129,alloc,940060004,24,96,1950409828,19
2133,free,940060004,24,96,1950409828,19
2134,alloc,234698513,24,96,1950409828,19
2138,free,234698513,24,96,1950409828,19
2139,alloc,1121172875,24,96,1950409828,19
2143,free,1121172875,24,96,1950409828,19
2144,alloc,649734728,24,96,1950409828,19
2148,free,649734728,24,96,1950409828,19
2149,alloc,1595953398,24,96,1950409828,19
2153,free,1595953398,24,96,1950409828,19
2154,alloc,998351292,24,96,1950409828,19
2158,free,998351292,24,96,1950409828,19
2159,alloc,1684106402,24,96,1950409828,19
2163,free,1684106402,24,96,1950409828,19
2164,alloc,335471116,24,96,1950409828,19
2168,free,335471116,24,96,1950409828,19
2169,alloc,1308927845,24,96,1950409828,19
2173,free,1308927845,24,96,1950409828,19
2174,alloc,2017354584,24,96,1950409828,19
2178,free,2017354584,24,96,1950409828,19
2179,alloc,391447681,24,96,1950409828,19
2183,free,391447681,24,96,1950409828,19
2184,alloc,1935637221,24,96,1950409828,19
2188,free,1935637221,24,96,1950409828,19
2189,alloc,403424356,24,96,1950409828,19
2193,free,403424356,24,96,1950409828,19
2194,alloc,321142942,24,96,1950409828,19
2198,free,321142942,24,96,1950409828,19
2199,alloc,745160567,24,96,1950409828,19
2203,free,745160567,24,96,1950409828,19
2204,alloc,610984013,24,96,1950409828,19
2208,free,610984013,24,96,1950409828,19
2209,alloc,1644443712,24,96,1950409828,19
2213,free,1644443712,24,96,1950409828,19
2214,alloc,1393931310,24,96,1950409828,19
2218,free,1393931310,24,96,1950409828,19
2219,alloc,788117692,24,96,1950409828,19
2223,free,788117692,24,96,1950409828,19
2224,alloc,1566723494,24,96,1950409828,19
2228,free,1566723494,24,96,1950409828,19
2229,alloc,510113906,24,96,1950409828,19
2233,free,510113906,24,96,1950409828,19
2234,alloc,1622006612,24,96,1950409828,19
2238,free,1622006612,24,96,1950409828,19
2239,alloc,66233253,24,96,1950409828,19
2243,free,66233253,24,96,1950409828,19
2244,alloc,1286783232,24,96,1950409828,19
2248,free,1286783232,24,96,1950409828,19
2249,alloc,1874154700,24,96,1950409828,19
2253,free,1874154700,24,96,1950409828,19
2254,alloc,1632392469,24,96,1950409828,19
2258,free,1632392469,24,96,1950409828,19
2259,alloc,2008362258,24,96,1950409828,19
2263,free,2008362258,24,96,1950409828,19
2264,alloc,760563749,24,96,1950409828,19
2268,free,760563749,24,96,1950409828,19
2269,alloc,1753447031,24,96,1950409828,19
2273,free,1753447031,24,96,1950409828,19
2274,alloc,1810132623,24,96,1950409828,19
2278,free,1810132623,24,96,1950409828,19
2279,alloc,895947612,24,96,1950409828,19
2283,free,895947612,24,96,1950409828,19
2284,alloc,846492085,24,96,1950409828,19
2288,free,846492085,24,96,1950409828,19
2289,alloc,1096283470,24,96,1950409828,19
2293,free,1096283470,24,96,1950409828,19
2294,alloc,152005629,24,96,1950409828,19
2298,free,152005629,24,96,1950409828,19
2299,alloc,75457651,24,96,1950409828,19
2303,free,75457651,24,96,1950409828,19
2304,alloc,362239120,24,96,1950409828,19
2308,free,362239120,24,96,1950409828,19
2309,alloc,1796488937,24,96,1950409828,19
2313,free,1796488937,24,96,1950409828,19
2314,alloc,423031029,24,96,1950409828,19
2318,free,423031029,24,96,1950409828,19
2319,alloc,1712669532,24,96,1950409828,19
2323,free,1712669532,24,96,1950409828,19
2324,alloc,1225373914,24,96,1950409828,19
2328,free,1225373914,24,96,1950409828,19
2329,alloc,60830820,24,96,1950409828,19
2333,free,60830820,24,96,1950409828,19
2334,alloc,759156157,24,96,1950409828,19
2338,free,759156157,24,96,1950409828,19
2339,alloc,1635546341,24,96,1950409828,19
2343,free,1635546341,24,96,1950409828,19
2344,alloc,1698156408,24,96,1950409828,19
2348,free,1698156408,24,96,1950409828,19
2349,alloc,1740035246,24,96,1950409828,19
2353,free,1740035246,24,96,1950409828,19
2354,alloc,884457408,24,96,1950409828,19
2358,free,884457408,24,96,1950409828,19
2359,alloc,913190639,24,96,1950409828,19
2363,free,913190639,24,96,1950409828,19
2364,alloc,1845066581,24,96,1950409828,19
2368,free,1845066581,24,96,1950409828,19
2369,alloc,1018937824,24,96,1950409828,19
2373,free,1018937824,24,96,1950409828,19
2374,alloc,905654280,24,96,1950409828,19
2378,free,905654280,24,96,1950409828,19
2379,alloc,1915058446,24,96,1950409828,19
2383,free,1915058446,24,96,1950409828,19
2384,alloc,1419810764,24,96,1950409828,19
2388,free,1419810764,24,96,1950409828,19
2389,alloc,922151033,24,96,1950409828,19
2393,free,922151033,24,96,1950409828,19
2394,alloc,1516369375,24,96,1950409828,19
2398,free,1516369375,24,96,1950409828,19
2399,alloc,55909012,24,96,1950409828,19
2403,free,55909012,24,96,1950409828,19
2404,alloc,1394336709,24,96,1950409828,19
2408,free,1394336709,24,96,1950409828,19
2409,alloc,1387228415,24,96,1950409828,19
2413,free,1387228415,24,96,1950409828,19
2414,alloc,120960120,24,96,1950409828,19
2418,free,120960120,24,96,1950409828,19
2419,alloc,748658608,24,96,1950409828,19
2423,free,748658608,24,96,1950409828,19
2424,alloc,546718765,24,96,1950409828,19
2428,free,546718765,24,96,1950409828,19
2429,alloc,167185492,24,96,1950409828,19
2433,free,167185492,24,96,1950409828,19
2434,alloc,592179046,24,96,1950409828,19
2438,free,592179046,24,96,1950409828,19
2439,alloc,1937348256,24,96,1950409828,19
2443,free,1937348256,24,96,1950409828,19
2444,alloc,1641808846,24,96,1950409828,19
2448,free,1641808846,24,96,1950409828,19
2449,alloc,1358444045,24,96,1950409828,19
2453,free,1358444045,24,96,1950409828,19
2454,alloc,750044075,24,96,1950409828,19
2458,free,750044075,24,96,1950409828,19
2459,alloc,331844619,24,96,1950409828,19
2463,free,331844619,24,96,1950409828,19
2464,alloc,310656974,24,96,1950409828,19
2468,free,310656974,24,96,1950409828,19
2469,alloc,64830413,24,96,1950409828,19
2473,free,64830413,24,96,1950409828,19
2474,alloc,159259014,24,96,1950409828,19
2478,free,159259014,24,96,1950409828,19
2479,alloc,653687670,24,96,1950409828,19
2483,free,653687670,24,96,1950409828,19
2484,alloc,356473385,24,96,1950409828,19
2488,free,356473385,24,96,1950409828,19
2489,alloc,2136344592,24,96,1950409828,19
2493,free,2136344592,24,96,1950409828,19
2494,alloc,110992469,24,96,1950409828,19
2498,free,110992469,24,96,1950409828,19
2499,alloc,329611835,24,96,1950409828,19
2503,free,329611835,24,96,1950409828,19
2504,alloc,2091156596,24,96,1950409828,19
2508,free,2091156596,24,96,1950409828,19
2509,alloc,863831416,24,96,1950409828,19
2513,free,863831416,24,96,1950409828,19
2514,alloc,1508395126,24,96,1950409828,19
2518,free,1508395126,24,96,1950409828,19
2519,alloc,1638172114,24,96,1950409828,19
2523,free,1638172114,24,96,1950409828,19
2524,alloc,972765878,24,96,1950409828,19
2528,free,972765878,24,96,1950409828,19
2529,alloc,1651945012,24,96,1950409828,19
2533,free,1651945012,24,96,1950409828,19
2534,alloc,2034688500,24,96,1950409828,19
2538,free,2034688500,24,96,1950409828,19
2539,alloc,1007251739,24,96,1950409828,19
2543,free,1007251739,24,96,1950409828,19
2544,alloc,1556595366,24,96,1950409828,19
2548,free,1556595366,24,96,1950409828,19
2549,alloc,194494468,24,96,1950409828,19
2553,free,194494468,24,96,1950409828,19
2554,alloc,1167116739,24,96,1950409828,19
2558,free,1167116739,24,96,1950409828,19
2559,alloc,853993923,24,96,1950409828,19
2563,free,853993923,24,96,1950409828,19
2564,alloc,1347870667,24,96,1950409828,19
2568,free,1347870667,24,96,1950409828,19
2569,alloc,1702146597,24,96,1950409828,19
2573,free,1702146597,24,96,1950409828,19
2574,alloc,644460953,24,96,1950409828,19
2578,free,644460953,24,96,1950409828,19
2579,alloc,591723622,24,96,1950409828,19
2583,free,591723622,24,96,1950409828,19
2584,alloc,1166726978,24,96,1950409828,19
2588,free,1166726978,24,96,1950409828,19
2589,alloc,95395916,24,96,1950409828,19
2593,free,95395916,24,96,1950409828,19
2594,alloc,1856056345,24,96,1950409828,19
2598,free,1856056345,24,96,1950409828,19
2599,alloc,1778535015,24,96,1950409828,19
2603,free,1778535015,24,96,1950409828,19
2604,alloc,2032251042,24,96,1950409828,19
2608,free,2032251042,24,96,1950409828,19
2609,alloc,24433162,24,96,1950409828,19
2613,free,24433162,24,96,1950409828,19
2614,alloc,1725097945,24,96,1950409828,19
2618,free,1725097945,24,96,1950409828,19
2619,alloc,519821334,24,96,1950409828,19
2623,free,519821334,24,96,1950409828,19
2624,alloc,1781256139,24,96,1950409828,19
2628,free,1781256139,24,96,1950409828,19
2629,alloc,1307096070,24,96,1950409828,19
2633,free,1307096070,24,96,1950409828,19
2634,alloc,1014328909,24,96,1950409828,19
2638,free,1014328909,24,96,1950409828,19
2639,alloc,2081303229,24,96,1950409828,19
2643,free,2081303229,24,96,1950409828,19
2644,alloc,1223685984,24,96,1950409828,19
2648,free,1223685984,24,96,1950409828,19
2649,alloc,1076835071,24,96,1950409828,19
2653,free,1076835071,24,96,1950409828,19
2654,alloc,1463757745,24,96,1950409828,19
2658,free,1463757745,24,96,1950409828,19
2659,alloc,1525262377,24,96,1950409828,19
2663,free,1525262377,24,96,1950409828,19
2664,alloc,1837760739,24,96,1950409828,19
2668,free,1837760739,24,96,1950409828,19
2669,alloc,1418428263,24,96,1950409828,19
2673,free,1418428263,24,96,1950409828,19
2674,alloc,2059904228,24,96,1950409828,19
2678,free,2059904228,24,96,1950409828,19
2679,alloc,1836643189,24,96,1950409828,19
2683,free,1836643189,24,96,1950409828,19
2684,alloc,1355316001,24,96,1950409828,19
2688,free,1355316001,24,96,1950409828,19
2689,alloc,1597462040,24,96,1950409828,19
2693,free,1597462040,24,96,1950409828,19
2694,alloc,403716510,24,96,1950409828,19
2698,free,403716510,24,96,1950409828,19
2699,alloc,853119666,24,96,1950409828,19
2703,free,853119666,24,96,1950409828,19
2704,alloc,559670971,24,96,1950409828,19
2708,free,559670971,24,96,1950409828,19
2709,alloc,1144648478,24,96,1950409828,19
2713,free,1144648478,24,96,1950409828,19
2714,alloc,1576861390,24,96,1950409828,19
2718,free,1576861390,24,96,1950409828,19
2719,alloc,600746945,24,96,1950409828,19
2723,free,600746945,24,96,1950409828,19
2724,alloc,1566502717,24,96,1950409828,19
2728,free,1566502717,24,96,1950409828,19
2729,alloc,1458849419,24,96,1950409828,19
2733,free,1458849419,24,96,1950409828,19
2734,alloc,1824835605,24,96,1950409828,19
2738,free,1824835605,24,96,1950409828,19
2739,alloc,981661423,24,96,1950409828,19
2743,free,981661423,24,96,1950409828,19
2744,alloc,269468037,24,96,1950409828,19
2748,free,269468037,24,96,1950409828,19
2749,alloc,1681595665,24,96,1950409828,19
2753,free,1681595665,24,96,1950409828,19
2754,alloc,787867107,24,96,1950409828,19
2758,free,787867107,24,96,1950409828,19
2759,alloc,57494364,24,96,1950409828,19
2763,free,57494364,24,96,1950409828,19
2764,alloc,1828757853,24,96,1950409828,19
2768,free,1828757853,24,96,1950409828,19
2769,alloc,1374677625,24,96,1950409828,19
2773,free,1374677625,24,96,1950409828,19
2774,alloc,1345636186,24,96,1950409828,19
2778,free,1345636186,24,96,1950409828,19
2779,alloc,963269035,24,96,1950409828,19
2783,free,963269035,24,96,1950409828,19
2784,alloc,1359484306,24,96,1950409828,19
2788,free,1359484306,24,96,1950409828,19
2789,alloc,2140832232,24,96,1950409828,19
2793,free,2140832232,24,96,1950409828,19
2794,alloc,157456214,24,96,1950409828,19
2798,free,157456214,24,96,1950409828,19
2799,alloc,1659791576,24,96,1950409828,19
2803,free,1659791576,24,96,1950409828,19
2804,alloc,1935365522,24,96,1950409828,19
2808,free,1935365522,24,96,1950409828,19
2809,alloc,1483022288,24,96,1950409828,19
2813,free,1483022288,24,96,1950409828,19
2814,alloc,1159785389,24,96,1950409828,19
2818,free,1159785389,24,96,1950409828,19
2819,alloc,1410986873,24,96,1950409828,19
2823,free,1410986873,24,96,1950409828,19
2824,alloc,2110245805,24,96,1950409828,19
2828,free,2110245805,24,96,1950409828,19
2829,alloc,221036634,24,96,1950409828,19
2833,free,221036634,24,96,1950409828,19
2834,alloc,1335050193,24,96,1950409828,19
2838,free,1335050193,24,96,1950409828,19
2839,alloc,1418370913,24,96,1950409828,19
2843,free,1418370913,24,96,1950409828,19
2844,alloc,391359742,24,96,1950409828,19
2848,free,391359742,24,96,1950409828,19
2849,alloc,2081853534,24,96,1950409828,19
2853,free,2081853534,24,96,1950409828,19
2854,alloc,707610042,24,96,1950409828,19
2858,free,707610042,24,96,1950409828,19
2859,alloc,710714889,24,96,1950409828,19
2863,free,710714889,24,96,1950409828,19
2864,alloc,551734240,24,96,1950409828,19
2868,free,551734240,24,96,1950409828,19
2869,alloc,1757293506,24,96,1950409828,19
2873,free,1757293506,24,96,1950409828,19
2874,alloc,687780858,24,96,1950409828,19
2878,free,687780858,24,96,1950409828,19
2879,alloc,1734161410,24,96,1950409828,19
2883,free,1734161410,24,96,1950409828,19
2884,alloc,1364614850,24,96,1950409828,19
2888,free,1364614850,24,96,1950409828,19
2889,alloc,1211076369,24,96,1950409828,19
2893,free,1211076369,24,96,1950409828,19
2894,alloc,361993357,24,96,1950409828,19
2898,free,361993357,24,96,1950409828,19
2899,alloc,459296537,24,96,1950409828,19
2903,free,459296537,24,96,1950409828,19
2904,alloc,2015601401,24,96,1950409828,19
2908,free,2015601401,24,96,1950409828,19
2909,alloc,1287712235,24,96,1950409828,19
2913,free,1287712235,24,96,1950409828,19
2914,alloc,1165897474,24,96,1950409828,19
2918,free,1165897474,24,96,1950409828,19
2919,alloc,1551870003,24,96,1950409828,19
2923,free,1551870003,24,96,1950409828,19
2924,alloc,967765295,24,96,1950409828,19
2928,free,967765295,24,96,1950409828,19
2929,alloc,1917513796,24,96,1950409828,19
2933,free,1917513796,24,96,1950409828,19
2934,alloc,1182320432,24,96,1950409828,19
2938,free,1182320432,24,96,1950409828,19
2939,alloc,1734853116,24,96,1950409828,19
2943,free,1734853116,24,96,1950409828,19
2944,alloc,703504298,24,96,1950409828,19
2948,free,703504298,24,96,1950409828,19
2949,alloc,201556483,24,96,1950409828,19
2953,free,201556483,24,96,1950409828,19
2954,alloc,214074868,24,96,1950409828,19
2958,free,214074868,24,96,1950409828,19
2959,alloc,1442045361,24,96,1950409828,19
2963,free,1442045361,24,96,1950409828,19
2964,alloc,146611050,24,96,1950409828,19
2968,free,146611050,24,96,1950409828,19
2969,alloc,415138788,24,96,1950409828,19
2973,free,415138788,24,96,1950409828,19
2974,alloc,13326370,24,96,1950409828,19
2978,free,13326370,24,96,1950409828,19
2979,alloc,1268650975,24,96,1950409828,19
2983,free,1268650975,24,96,1950409828,19
2984,alloc,731395981,24,96,1950409828,19
2988,free,731395981,24,96,1950409828,19
2989,alloc,1196765369,24,96,1950409828,19
2993,free,1196765369,24,96,1950409828,19
2994,alloc,486898233,24,96,1950409828,19
2998,free,486898233,24,96,1950409828,19
2999,alloc,650023597,24,96,1950409828,19
3003,free,650023597,24,96,1950409828,19
3004,alloc,1282473384,24,96,1950409828,19
3008,free,1282473384,24,96,1950409828,19
3009,alloc,575593575,24,96,1950409828,19
3013,free,575593575,24,96,1950409828,19
3014,alloc,346861221,24,96,1950409828,19
3018,free,346861221,24,96,1950409828,19
3019,alloc,1188392295,24,96,1950409828,19
3023,free,1188392295,24,96,1950409828,19
3024,alloc,226710952,24,96,1950409828,19
3028,free,226710952,24,96,1950409828,19
3029,alloc,1509563803,24,96,1950409828,19
3033,free,1509563803,24,96,1950409828,19
3034,alloc,684874119,24,96,1950409828,19
3038,free,684874119,24,96,1950409828,19
3039,alloc,1157740463,24,96,1950409828,19
3043,free,1157740463,24,96,1950409828,19
3044,alloc,1379435698,24,96,1950409828,19
3048,free,1379435698,24,96,1950409828,19
3049,alloc,1529306539,24,96,1950409828,19
3053,free,1529306539,24,96,1950409828,19
3054,alloc,1635985705,24,96,1950409828,19
3058,free,1635985705,24,96,1950409828,19
3059,alloc,695682681,24,96,1950409828,19
3063,free,695682681,24,96,1950409828,19
3064,alloc,1073502961,24,96,1950409828,19
3068,free,1073502961,24,96,1950409828,19
3069,alloc,1582797472,24,96,1950409828,19
3073,free,1582797472,24,96,1950409828,19
3074,alloc,644166178,24,96,1950409828,19
3078,free,644166178,24,96,1950409828,19
3079,alloc,892529689,24,96,1950409828,19
3083,free,892529689,24,96,1950409828,19
3084,alloc,1757676444,24,96,1950409828,19
3088,free,1757676444,24,96,1950409828,19
3089,alloc,182738614,24,96,1950409828,19
3093,free,182738614,24,96,1950409828,19
3094,alloc,94345706,24,96,1950409828,19
3098,free,94345706,24,96,1950409828,19
3099,alloc,670035812,24,96,1950409828,19
3103,free,670035812,24,96,1950409828,19
3104,alloc,1870647526,24,96,1950409828,19
3108,free,1870647526,24,96,1950409828,19
3109,alloc,1204167249,24,96,1950409828,19
3113,free,1204167249,24,96,1950409828,19
3114,alloc,1047503754,24,96,1950409828,19
3118,free,1047503754,24,96,1950409828,19
3119,alloc,1722023916,24,96,1950409828,19
3123,free,1722023916,24,96,1950409828,19
3124,alloc,2009787198,24,96,1950409828,19
3128,free,2009787198,24,96,1950409828,19
3129,alloc,32017212,24,96,1950409828,19
3133,free,32017212,24,96,1950409828,19
3134,alloc,1121454968,24,96,1950409828,19
3138,free,1121454968,24,96,1950409828,19
3139,alloc,1006485584,24,96,1950409828,19
3143,free,1006485584,24,96,1950409828,19
3144,alloc,466505482,24,96,1950409828,19
3148,free,466505482,24,96,1950409828,19
3149,alloc,1580893732,24,96,1950409828,19
3153,free,1580893732,24,96,1950409828,19
3154,alloc,1547425104,24,96,1950409828,19
3158,free,1547425104,24,96,1950409828,19
3159,alloc,152134087,24,96,1950409828,19
3163,free,152134087,24,96,1950409828,19
3164,alloc,1615780336,24,96,1950409828,19
3168,free,1615780336,24,96,1950409828,19
3169,alloc,1783593083,24,96,1950409828,19
3173,free,1783593083,24,96,1950409828,19
3174,alloc,1750905143,24,96,1950409828,19
3178,free,1750905143,24,96,1950409828,19
3179,alloc,1782704802,24,96,1950409828,19
3183,free,1782704802,24,96,1950409828,19
3184,alloc,2094411587,24,96,1950409828,19
3188,free,2094411587,24,96,1950409828,19
3189,alloc,1833638914,24,96,1950409828,19
3193,free,1833638914,24,96,1950409828,19
3194,alloc,1620303253,24,96,1950409828,19
3198,free,1620303253,24,96,1950409828,19
3199,alloc,90320863,24,96,1950409828,19
3203,free,90320863,24,96,1950409828,19
3204,alloc,1216590855,24,96,1950409828,19
3208,free,1216590855,24,96,1950409828,19
3209,alloc,2107447833,24,96,1950409828,19
3213,free,2107447833,24,96,1950409828,19
3214,alloc,60559178,24,96,1950409828,19
3218,free,60559178,24,96,1950409828,19
3219,alloc,395629617,24,96,1950409828,19
3223,free,395629617,24,96,1950409828,19
3224,alloc,1122134344,24,96,1950409828,19
3228,free,1122134344,24,96,1950409828,19
3229,alloc,1471868639,24,96,1950409828,19
3233,free,1471868639,24,96,1950409828,19
3234,alloc,876563773,24,96,1950409828,19
3238,free,876563773,24,96,1950409828,19
3239,alloc,87765719,24,96,1950409828,19
3243,free,87765719,24,96,1950409828,19
3244,alloc,1413653265,24,96,1950409828,19
3248,free,1413653265,24,96,1950409828,19
3249,alloc,1418621776,24,96,1950409828,19
3253,free,1418621776,24,96,1950409828,19
3254,alloc,446073433,24,96,1950409828,19
3258,free,446073433,24,96,1950409828,19
3259,alloc,1181199958,24,96,1950409828,19
3263,free,1181199958,24,96,1950409828,19
3264,alloc,125622176,24,96,1950409828,19
3268,free,125622176,24,96,1950409828,19
3269,alloc,542060780,24,96,1950409828,19
3273,free,542060780,24,96,1950409828,19
3274,alloc,237351678,24,96,1950409828,19
3278,free,237351678,24,96,1950409828,19
3279,alloc,1967892594,24,96,1950409828,19
3283,free,1967892594,24,96,1950409828,19
3284,alloc,342597804,24,96,1950409828,19
3288,free,342597804,24,96,1950409828,19
3289,alloc,1308244637,24,96,1950409828,19
3293,free,1308244637,24,96,1950409828,19
3294,alloc,1860944798,24,96,1950409828,19
3298,free,1860944798,24,96,1950409828,19
3299,alloc,1179381257,24,96,1950409828,19
3303,free,1179381257,24,96,1950409828,19
3304,alloc,258754732,24,96,1950409828,19
3308,free,258754732,24,96,1950409828,19
3309,alloc,333362446,24,96,1950409828,19
3313,free,333362446,24,96,1950409828,19
3314,alloc,597255128,24,96,1950409828,19
3318,free,597255128,24,96,1950409828,19
3319,alloc,985397764,24,96,1950409828,19
3323,free,985397764,24,96,1950409828,19
3324,alloc,1476394199,24,96,1950409828,19
3328,free,1476394199,24,96,1950409828,19
3329,alloc,837764579,24,96,1950409828,19
3333,free,837764579,24,96,1950409828,19
3334,alloc,1501587365,24,96,1950409828,19
3338,free,1501587365,24,96,1950409828,19
3339,alloc,1007603019,24,96,1950409828,19
3343,free,1007603019,24,96,1950409828,19
3344,alloc,348100441,24,96,1950409828,19
3348,free,348100441,24,96,1950409828,19
3349,alloc,1597249648,24,96,1950409828,19
3353,free,1597249648,24,96,1950409828,19
3354,alloc,89387388,24,96,1950409828,19
3358,free,89387388,24,96,1950409828,19
3359,alloc,1333592072,24,96,1950409828,19
3363,free,1333592072,24,96,1950409828,19
3364,alloc,655381473,24,96,1950409828,19
3368,free,655381473,24,96,1950409828,19
3369,alloc,1486371051,24,96,1950409828,19
3373,free,1486371051,24,96,1950409828,19
3374,alloc,1121647253,24,96,1950409828,19
3378,free,1121647253,24,96,1950409828,19
3379,alloc,1694556038,24,96,1950409828,19
3383,free,1694556038,24,96,1950409828,19
3384,alloc,1076496284,24,96,1950409828,19
3388,free,1076496284,24,96,1950409828,19
3389,alloc,1508646930,24,96,1950409828,19
3393,free,1508646930,24,96,1950409828,19
3394,alloc,1291286504,24,96,1950409828,19
3398,free,1291286504,24,96,1950409828,19
3399,alloc,795372831,24,96,1950409828,19
3403,free,795372831,24,96,1950409828,19
3404,alloc,1072601481,24,96,1950409828,19
3408,free,1072601481,24,96,1950409828,19
3409,alloc,121295574,24,96,1950409828,19
3413,free,121295574,24,96,1950409828,19
3414,alloc,1887813102,24,96,1950409828,19
3418,free,1887813102,24,96,1950409828,19
3419,alloc,485041780,24,96,1950409828,19
3423,free,485041780,24,96,1950409828,19
3424,alloc,1459672753,24,96,1950409828,19
3428,free,1459672753,24,96,1950409828,19
3429,alloc,117244645,24,96,1950409828,19
3433,free,117244645,24,96,1950409828,19
3434,alloc,1540011289,24,96,1950409828,19
3438,free,1540011289,24,96,1950409828,19
3439,alloc,239465106,24,96,1950409828,19
3443,free,239465106,24,96,1950409828,19
3444,alloc,1596000437,24,96,1950409828,19
3448,free,1596000437,24,96,1950409828,19
3449,alloc,832947102,24,96,1950409828,19
3453,free,832947102,24,96,1950409828,19
3454,alloc,1061804750,24,96,1950409828,19
3458,free,1061804750,24,96,1950409828,19
3459,alloc,507084503,24,96,1950409828,19
3463,free,507084503,24,96,1950409828,19
3464,alloc,1225439493,24,96,1950409828,19
3468,free,1225439493,24,96,1950409828,19
3469,alloc,1454127753,24,96,1950409828,19
3473,free,1454127753,24,96,1950409828,19
3474,alloc,667026744,24,96,1950409828,19
3478,free,667026744,24,96,1950409828,19
3479,alloc,1926764753,24,96,1950409828,19
3483,free,1926764753,24,96,1950409828,19
3484,alloc,1845904670,24,96,1950409828,19
3488,free,1845904670,24,96,1950409828,19
3489,alloc,1497973285,24,96,1950409828,19
3493,free,1497973285,24,96,1950409828,19
3494,alloc,1846896625,24,96,1950409828,19
3498,free,1846896625,24,96,1950409828,19
3499,alloc,1555690610,24,96,1950409828,19
3503,free,1555690610,24,96,1950409828,19
3504,alloc,13329486,24,96,1950409828,19
3508,free,13329486,24,96,1950409828,19
3509,alloc,327177752,24,96,1950409828,19
3513,free,327177752,24,96,1950409828,19
3514,alloc,1458540918,24,96,1950409828,19
3518,free,1458540918,24,96,1950409828,19
3519,alloc,1164371389,24,96,1950409828,19
3523,free,1164371389,24,96,1950409828,19
3524,alloc,517210187,24,96,1950409828,19
3528,free,517210187,24,96,1950409828,19
3529,alloc,267760927,24,96,1950409828,19
3533,free,267760927,24,96,1950409828,19
3534,alloc,633070006,24,96,1950409828,19
3538,free,633070006,24,96,1950409828,19
3539,alloc,1459794865,24,96,1950409828,19
3543,free,1459794865,24,96,1950409828,19
3544,alloc,1776957250,24,96,1950409828,19
3548,free,1776957250,24,96,1950409828,19
3549,alloc,1268066861,24,96,1950409828,19
3553,free,1268066861,24,96,1950409828,19
3554,alloc,827966648,24,96,1950409828,19
3558,free,827966648,24,96,1950409828,19
3559,alloc,1938056729,24,96,1950409828,19
3563,free,1938056729,24,96,1950409828,19
3564,alloc,1273765644,24,96,1950409828,19
3568,free,1273765644,24,96,1950409828,19
3569,alloc,701141022,24,96,1950409828,19
3573,free,701141022,24,96,1950409828,19
3574,alloc,1447689627,24,96,1950409828,19
3578,free,1447689627,24,96,1950409828,19
3579,alloc,112061925,24,96,1950409828,19
3583,free,112061925,24,96,1950409828,19
3584,alloc,764577347,24,96,1950409828,19
3588,free,764577347,24,96,1950409828,19
3589,alloc,1344645519,24,96,1950409828,19
3593,free,1344645519,24,96,1950409828,19
3594,alloc,1234776885,24,96,1950409828,19
3598,free,1234776885,24,96,1950409828,19
3599,alloc,540159270,24,96,1950409828,19
3603,free,540159270,24,96,1950409828,19
3604,alloc,422250493,24,96,1950409828,19
3608,free,422250493,24,96,1950409828,19
3609,alloc,1690287238,24,96,1950409828,19
3613,free,1690287238,24,96,1950409828,19
3614,alloc,1690254271,24,96,1950409828,19
3618,free,1690254271,24,96,1950409828,19
3619,alloc,1440047379,24,96,1950409828,19
3623,free,1440047379,24,96,1950409828,19
3624,alloc,343965883,24,96,1950409828,19
3628,free,343965883,24,96,1950409828,19
3629,alloc,230835489,24,96,1950409828,19
3633,free,230835489,24,96,1950409828,19
3634,alloc,280884709,24,96,1950409828,19
3638,free,280884709,24,96,1950409828,19
3639,alloc,1847509784,24,96,1950409828,19
3643,free,1847509784,24,96,1950409828,19
3644,alloc,2114650936,24,96,1950409828,19
3648,free,2114650936,24,96,1950409828,19
3649,alloc,1635756693,24,96,1950409828,19
3653,free,1635756693,24,96,1950409828,19
3654,alloc,504527234,24,96,1950409828,19
3658,free,504527234,24,96,1950409828,19
3659,alloc,101478235,24,96,1950409828,19
3663,free,101478235,24,96,1950409828,19
3664,alloc,540585569,24,96,1950409828,19
3668,free,540585569,24,96,1950409828,19
3669,alloc,1007653873,24,96,1950409828,19
3673,free,1007653873,24,96,1950409828,19
3674,alloc,836514715,24,96,1950409828,19
3678,free,836514715,24,96,1950409828,19
3679,alloc,1414521932,24,96,1950409828,19
3683,free,1414521932,24,96,1950409828,19
3684,alloc,828441346,24,96,1950409828,19
3688,free,828441346,24,96,1950409828,19
3689,alloc,1899073220,24,96,1950409828,19
3693,free,1899073220,24,96,1950409828,19
3694,alloc,555826066,24,96,1950409828,19
3698,free,555826066,24,96,1950409828,19
3699,alloc,174573182,24,96,1950409828,19
3703,free,174573182,24,96,1950409828,19
3704,alloc,858242339,24,96,1950409828,19
3708,free,858242339,24,96,1950409828,19
3709,alloc,1310540333,24,96,1950409828,19
3713,free,1310540333,24,96,1950409828,19
3714,alloc,1715998167,24,96,1950409828,19
3718,free,1715998167,24,96,1950409828,19
3719,alloc,1386767190,24,96,1950409828,19
3723,free,1386767190,24,96,1950409828,19
3724,alloc,1558712965,24,96,1950409828,19
3728,free,1558712965,24,96,1950409828,19
3729,alloc,2025864991,24,96,1950409828,19
3733,free,2025864991,24,96,1950409828,19
3734,alloc,1589683045,24,96,1950409828,19
3738,free,1589683045,24,96,1950409828,19
3739,alloc,1340328248,24,96,1950409828,19
3743,free,1340328248,24,96,1950409828,19
3744,alloc,1401132667,24,96,1950409828,19
3748,free,1401132667,24,96,1950409828,19
3749,alloc,717386707,24,96,1950409828,19
3753,free,717386707,24,96,1950409828,19
3754,alloc,1900164709,24,96,1950409828,19
3758,free,1900164709,24,96,1950409828,19
3759,alloc,540642172,24,96,1950409828,19
3763,free,540642172,24,96,1950409828,19
3764,alloc,1875308878,24,96,1950409828,19
3768,free,1875308878,24,96,1950409828,19
3769,alloc,1445157774,24,96,1950409828,19
3773,free,1445157774,24,96,1950409828,19
3774,alloc,909295153,24,96,1950409828,19
3778,free,909295153,24,96,1950409828,19
3779,alloc,1522311648,24,96,1950409828,19
3783,free,1522311648,24,96,1950409828,19
3784,alloc,36202360,24,96,1950409828,19
3788,free,36202360,24,96,1950409828,19
3789,alloc,1318822808,24,96,1950409828,19
3793,free,1318822808,24,96,1950409828,19
3794,alloc,1836797772,24,96,1950409828,19
3798,free,1836797772,24,96,1950409828,19
3799,alloc,1383547042,24,96,1950409828,19
3803,free,1383547042,24,96,1950409828,19
3804,alloc,329645619,24,96,1950409828,19
3808,free,329645619,24,96,1950409828,19
3809,alloc,3213500,24,96,1950409828,19
3813,free,3213500,24,96,1950409828,19
3814,alloc,923219673,24,96,1950409828,19
3818,free,923219673,24,96,1950409828,19
3819,alloc,1604125387,24,96,1950409828,19
3823,free,1604125387,24,96,1950409828,19
3824,alloc,1668627309,24,96,1950409828,19
3828,free,1668627309,24,96,1950409828,19
3829,alloc,1795799895,24,96,1950409828,19
3833,free,1795799895,24,96,1950409828,19
3834,alloc,1698097425,24,96,1950409828,19
3838,free,1698097425,24,96,1950409828,19
3839,alloc,1376400422,24,96,1950409828,19
3843,free,1376400422,24,96,1950409828,19
3844,alloc,418304857,24,96,1950409828,19
3848,free,418304857,24,96,1950409828,19
3849,alloc,1050349584,24,96,1950409828,19
3853,free,1050349584,24,96,1950409828,19
3854,alloc,1815546035,24,96,1950409828,19
3858,free,1815546035,24,96,1950409828,19
3859,alloc,1864350231,24,96,1950409828,19
3863,free,1864350231,24,96,1950409828,19
3864,alloc,25548982,24,96,1950409828,19
3868,free,25548982,24,96,1950409828,19
3869,alloc,1735934726,24,96,1950409828,19
3873,free,1735934726,24,96,1950409828,19
3874,alloc,861842890,24,96,1950409828,19
3878,free,861842890,24,96,1950409828,19
3879,alloc,553871028,24,96,1950409828,19
3883,free,553871028,24,96,1950409828,19
3884,alloc,250370634,24,96,1950409828,19
3888,free,250370634,24,96,1950409828,19
3889,alloc,724125922,24,96,1950409828,19
3893,free,724125922,24,96,1950409828,19
3894,alloc,1843368112,24,96,1950409828,19
3898,free,1843368112,24,96,1950409828,19
3899,alloc,1465085305,24,96,1950409828,19
3903,free,1465085305,24,96,1950409828,19
3904,alloc,989938643,24,96,1950409828,19
3908,free,989938643,24,96,1950409828,19
3909,alloc,1519280649,24,96,1950409828,19
3913,free,1519280649,24,96,1950409828,19
3914,alloc,1262822392,24,96,1950409828,19
3918,free,1262822392,24,96,1950409828,19
3919,alloc,120694604,24,96,1950409828,19
3923,free,120694604,24,96,1950409828,19
3924,alloc,916419490,24,96,1950409828,19
3928,free,916419490,24,96,1950409828,19
3929,alloc,522764626,24,96,1950409828,19
3933,free,522764626,24,96,1950409828,19
3934,alloc,2106620844,24,96,1950409828,19
3938,free,2106620844,24,96,1950409828,19
3939,alloc,2006034581,24,96,1950409828,19
3943,free,2006034581,24,96,1950409828,19
3944,alloc,979294118,24,96,1950409828,19
3948,free,979294118,24,96,1950409828,19
3949,alloc,1663411182,24,96,1950409828,19
3953,free,1663411182,24,96,1950409828,19
3954,alloc,488044861,24,96,1950409828,19
3958,free,488044861,24,96,1950409828,19
3959,alloc,1740189450,24,96,1950409828,19
3963,free,1740189450,24,96,1950409828,19
3964,alloc,731260860,24,96,1950409828,19
3968,free,731260860,24,96,1950409828,19
3969,alloc,1709366259,24,96,1950409828,19
3973,free,1709366259,24,96,1950409828,19
3974,alloc,1335298403,24,96,1950409828,19
3978,free,1335298403,24,96,1950409828,19
3979,alloc,1643691748,24,96,1950409828,19
3983,free,1643691748,24,96,1950409828,19
3984,alloc,2068434592,24,96,1950409828,19
3988,free,2068434592,24,96,1950409828,19
3989,alloc,143110009,24,96,1950409828,19
3993,free,143110009,24,96,1950409828,19
3994,alloc,2142003995,24,96,1950409828,19
3998,free,2142003995,24,96,1950409828,19
3999,alloc,1535634836,24,96,1950409828,19
4003,free,1535634836,24,96,1950409828,19
4004,alloc,1846412426,24,96,1950409828,19
4008,free,1846412426,24,96,1950409828,19
4009,alloc,1539805781,24,96,1950409828,19
4013,free,1539805781,24,96,1950409828,19
4014,alloc,1206883981,24,96,1950409828,19
4018,free,1206883981,24,96,1950409828,19
4019,alloc,601893033,24,96,1950409828,19
4023,free,601893033,24,96,1950409828,19
4024,alloc,1037324811,24,96,1950409828,19
4028,free,1037324811,24,96,1950409828,19
4029,alloc,1525037790,24,96,1950409828,19
4033,free,1525037790,24,96,1950409828,19
4034,alloc,1627821297,24,96,1950409828,19
4038,free,1627821297,24,96,1950409828,19
4039,alloc,1132547352,24,96,1950409828,19
4043,free,1132547352,24,96,1950409828,19
4044,alloc,1549409129,24,96,1950409828,19
4048,free,1549409129,24,96,1950409828,19
4049,alloc,922872566,24,96,1950409828,19
4053,free,922872566,24,96,1950409828,19
4054,alloc,1651855867,24,96,1950409828,19
4058,free,1651855867,24,96,1950409828,19
4059,alloc,727001376,24,96,1950409828,19
4063,free,727001376,24,96,1950409828,19
4064,alloc,660143728,24,96,1950409828,19
4068,free,660143728,24,96,1950409828,19
4069,alloc,523691575,24,96,1950409828,19
4073,free,523691575,24,96,1950409828,19
4074,alloc,1468303011,24,96,1950409828,19
4078,free,1468303011,24,96,1950409828,19
4079,alloc,1427810650,24,96,1950409828,19
4083,free,1427810650,24,96,1950409828,19
4084,alloc,902919927,24,96,1950409828,19
4088,free,902919927,24,96,1950409828,19
4089,alloc,503195940,24,96,1950409828,19
4093,free,503195940,24,96,1950409828,19
4094,alloc,1857815974,24,96,1950409828,19
4098,free,1857815974,24,96,1950409828,19
4099,alloc,1852584274,24,96,1950409828,19
4103,free,1852584274,24,96,1950409828,19
4104,alloc,1354011814,24,96,1950409828,19
4108,free,1354011814,24,96,1950409828,19
4109,alloc,1022308509,24,96,1950409828,19
4113,free,1022308509,24,96,1950409828,19
4114,alloc,846238611,24,96,1950409828,19
4118,free,846238611,24,96,1950409828,19
4119,alloc,1033490990,24,96,1950409828,19
4123,free,1033490990,24,96,1950409828,19
4124,alloc,1241276575,24,96,1950409828,19
4128,free,1241276575,24,96,1950409828,19
4129,alloc,215145189,24,96,1950409828,19
4133,free,215145189,24,96,1950409828,19
4134,alloc,982007015,24,96,1950409828,19
4138,free,982007015,24,96,1950409828,19
4139,alloc,1232306490,24,96,1950409828,19
4143,free,1232306490,24,96,1950409828,19
4144,alloc,1663166483,24,96,1950409828,19
4148,free,1663166483,24,96,1950409828,19
4149,alloc,2042495840,24,96,1950409828,19
4153,free,2042495840,24,96,1950409828,19
4154,alloc,36333492,24,96,1950409828,19
4158,free,36333492,24,96,1950409828,19
4159,alloc,1468357786,24,96,1950409828,19
4163,free,1468357786,24,96,1950409828,19
4164,alloc,990398217,24,96,1950409828,19
4168,free,990398217,24,96,1950409828,19
4169,alloc,841283083,24,96,1950409828,19
4173,free,841283083,24,96,1950409828,19
4174,alloc,1675763772,24,96,1950409828,19
4178,free,1675763772,24,96,1950409828,19
4179,alloc,520016214,24,96,1950409828,19
4183,free,520016214,24,96,1950409828,19
4184,alloc,1731722639,24,96,1950409828,19
4188,free,1731722639,24,96,1950409828,19
4189,alloc,1924582348,24,96,1950409828,19
4193,free,1924582348,24,96,1950409828,19
4194,alloc,11003494,24,96,1950409828,19
4198,free,11003494,24,96,1950409828,19
4199,alloc,1757143877,24,96,1950409828,19
4203,free,1757143877,24,96,1950409828,19
4204,alloc,817406040,24,96,1950409828,19
4208,free,817406040,24,96,1950409828,19
4209,alloc,1955915048,24,96,1950409828,19
4213,free,1955915048,24,96,1950409828,19
4214,alloc,1270855946,24,96,1950409828,19
4218,free,1270855946,24,96,1950409828,19
4219,alloc,2083117811,24,96,1950409828,19
4223,free,2083117811,24,96,1950409828,19
4224,alloc,157683534,24,96,1950409828,19
4228,free,157683534,24,96,1950409828,19
4229,alloc,1518864111,24,96,1950409828,19
4233,free,1518864111,24,96,1950409828,19
4234,alloc,1816757085,24,96,1950409828,19
4238,free,1816757085,24,96,1950409828,19
4239,alloc,1585787493,24,96,1950409828,19
4243,free,1585787493,24,96,1950409828,19
4244,alloc,1730173572,24,96,1950409828,19
4248,free,1730173572,24,96,1950409828,19
4249,alloc,2097514481,24,96,1950409828,19
4253,free,2097514481,24,96,1950409828,19
4254,alloc,1568059495,24,96,1950409828,19
4258,free,1568059495,24,96,1950409828,19
4259,alloc,706197430,24,96,1950409828,19
4263,free,706197430,24,96,1950409828,19
4264,alloc,1325808650,24,96,1950409828,19
4268,free,1325808650,24,96,1950409828,19
4269,alloc,510464020,24,96,1950409828,19
4273,free,510464020,24,96,1950409828,19
4274,alloc,1987083830,24,96,1950409828,19
4278,free,1987083830,24,96,1950409828,19
4279,alloc,1632492873,24,96,1950409828,19
4283,free,1632492873,24,96,1950409828,19
4284,alloc,525683462,24,96,1950409828,19
4288,free,525683462,24,96,1950409828,19
4289,alloc,1766724936,24,96,1950409828,19
4293,free,1766724936,24,96,1950409828,19
4294,alloc,473581465,24,96,1950409828,19
4298,free,473581465,24,96,1950409828,19
4299,alloc,319977154,24,96,1950409828,19
4303,free,319977154,24,96,1950409828,19
4304,alloc,648680157,24,96,1950409828,19
4308,free,648680157,24,96,1950409828,19
4309,alloc,1071097621,24,96,1950409828,19
4313,free,1071097621,24,96,1950409828,19
4314,alloc,1897871865,24,96,1950409828,19
4318,free,1897871865,24,96,1950409828,19
4319,alloc,1908143486,24,96,1950409828,19
4323,free,1908143486,24,96,1950409828,19
4324,alloc,133250414,24,96,1950409828,19
4328,free,133250414,24,96,1950409828,19
4329,alloc,85777802,24,96,1950409828,19
4333,free,85777802,24,96,1950409828,19
4334,alloc,222624801,24,96,1950409828,19
4338,free,222624801,24,96,1950409828,19
4339,alloc,603650290,24,96,1950409828,19
4343,free,603650290,24,96,1950409828,19
4344,alloc,762227630,24,96,1950409828,19
4348,free,762227630,24,96,1950409828,19
4349,alloc,1316864772,24,96,1950409828,19
4353,free,1316864772,24,96,1950409828,19
4354,alloc,1685232414,24,96,1950409828,19
4358,free,1685232414,24,96,1950409828,19
4359,alloc,280744458,24,96,1950409828,19
4363,free,280744458,24,96,1950409828,19
4364,alloc,1213216872,24,96,1950409828,19
4368,free,1213216872,24,96,1950409828,19
4369,alloc,1754638213,24,96,1950409828,19
4373,free,1754638213,24,96,1950409828,19
4374,alloc,407858146,24,96,1950409828,19
4378,free,407858146,24,96,1950409828,19
4379,alloc,1454031203,24,96,1950409828,19
4383,free,1454031203,24,96,1950409828,19
4384,alloc,527446182,24,96,1950409828,19
4388,free,527446182,24,96,1950409828,19
4389,alloc,1511785794,24,96,1950409828,19
4393,free,1511785794,24,96,1950409828,19
4394,alloc,963601816,24,96,1950409828,19
4398,free,963601816,24,96,1950409828,19
4399,alloc,961419791,24,96,1950409828,19
4403,free,961419791,24,96,1950409828,19
4404,alloc,665188480,24,96,1950409828,19
4408,free,665188480,24,96,1950409828,19
4409,alloc,489279267,24,96,1950409828,19
4413,free,489279267,24,96,1950409828,19
4414,alloc,1596467899,24,96,1950409828,19
4418,free,1596467899,24,96,1950409828,19
4419,alloc,377478451,24,96,1950409828,19
4423,free,377478451,24,96,1950409828,19
4424,alloc,513169028,24,96,1950409828,19
4428,free,513169028,24,96,1950409828,19
4429,alloc,1301664418,24,96,1950409828,19
4433,free,1301664418,24,96,1950409828,19
4434,alloc,1408652377,24,96,1950409828,19
4438,free,1408652377,24,96,1950409828,19
4439,alloc,990416209,24,96,1950409828,19
4443,free,990416209,24,96,1950409828,19
4444,alloc,394714818,24,96,1950409828,19
4448,free,394714818,24,96,1950409828,19
4449,alloc,1952779858,24,96,1950409828,19
4453,free,1952779858,24,96,1950409828,19
4454,alloc,366004251,24,96,1950409828,19
4458,free,366004251,24,96,1950409828,19
4459,alloc,1791868405,24,96,1950409828,19
4463,free,1791868405,24,96,1950409828,19
4464,alloc,1260134048,24,96,1950409828,19
4468,free,1260134048,24,96,1950409828,19
4469,alloc,391618063,24,96,1950409828,19
4473,free,391618063,24,96,1950409828,19
4474,alloc,81009902,24,96,1950409828,19
4478,free,81009902,24,96,1950409828,19
4479,alloc,57748372,24,96,1950409828,19
4483,free,57748372,24,96,1950409828,19
4484,alloc,674483268,24,96,1950409828,19
4488,free,674483268,24,96,1950409828,19
4489,alloc,54495403,24,96,1950409828,19
4493,free,54495403,24,96,1950409828,19
4494,alloc,665372494,24,96,1950409828,19
4498,free,665372494,24,96,1950409828,19
4499,alloc,764372388,24,96,1950409828,19
4503,free,764372388,24,96,1950409828,19
4504,alloc,459857341,24,96,1950409828,19
4508,free,459857341,24,96,1950409828,19
4509,alloc,1684890795,24,96,1950409828,19
4513,free,1684890795,24,96,1950409828,19
4514,alloc,94264799,24,96,1950409828,19
4518,free,94264799,24,96,1950409828,19
4519,alloc,1399499405,24,96,1950409828,19
4523,free,1399499405,24,96,1950409828,19
4524,alloc,238157928,24,96,1950409828,19
4528,free,238157928,24,96,1950409828,19
4529,alloc,32863545,24,96,1950409828,19
4533,free,32863545,24,96,1950409828,19
4534,alloc,1995616381,24,96,1950409828,19
4538,free,1995616381,24,96,1950409828,19
4539,alloc,1883919084,24,96,1950409828,19
4543,free,1883919084,24,96,1950409828,19
4544,alloc,1860513229,24,96,1950409828,19
4548,free,1860513229,24,96,1950409828,19
4549,alloc,1150538133,24,96,1950409828,19
4553,free,1150538133,24,96,1950409828,19
4554,alloc,662822946,24,96,1950409828,19
4558,free,662822946,24,96,1950409828,19
4559,alloc,92150540,24,96,1950409828,19
4563,free,92150540,24,96,1950409828,19
4564,alloc,1110623531,24,96,1950409828,19
4568,free,1110623531,24,96,1950409828,19
4569,alloc,410495873,24,96,1950409828,19
4573,free,410495873,24,96,1950409828,19
4574,alloc,811587677,24,96,1950409828,19
4578,free,811587677,24,96,1950409828,19
4579,alloc,1166807841,24,96,1950409828,19
4583,free,1166807841,24,96,1950409828,19
4584,alloc,289639718,24,96,1950409828,19
4588,free,289639718,24,96,1950409828,19
4589,alloc,885851948,24,96,1950409828,19
4593,free,885851948,24,96,1950409828,19
4594,alloc,2048834776,24,96,1950409828,19
4598,free,2048834776,24,96,1950409828,19
4599,alloc,1605283233,24,96,1950409828,19
4603,free,1605283233,24,96,1950409828,19
4604,alloc,1384722895,24,96,1950409828,19
4608,free,1384722895,24,96,1950409828,19
4609,alloc,245475541,24,96,1950409828,19
4613,free,245475541,24,96,1950409828,19
4614,alloc,22429093,24,96,1950409828,19
4618,free,22429093,24,96,1950409828,19
4619,alloc,733957003,24,96,1950409828,19
4623,free,733957003,24,96,1950409828,19
4624,alloc,815992954,24,96,1950409828,19
4628,free,815992954,24,96,1950409828,19
4629,alloc,868737467,24,96,1950409828,19
4633,free,868737467,24,96,1950409828,19
4634,alloc,55331187,24,96,1950409828,19
4638,free,55331187,24,96,1950409828,19
4639,alloc,1392425346,24,96,1950409828,19
4643,free,1392425346,24,96,1950409828,19
4644,alloc,2054574951,24,96,1950409828,19
4648,free,2054574951,24,96,1950409828,19
4649,alloc,1991294891,24,96,1950409828,19
4653,free,1991294891,24,96,1950409828,19
4654,alloc,399931359,24,96,1950409828,19
4658,free,399931359,24,96,1950409828,19
4659,alloc,809762318,24,96,1950409828,19
4663,free,809762318,24,96,1950409828,19
4664,alloc,2028371466,24,96,1950409828,19
4668,free,2028371466,24,96,1950409828,19
4669,alloc,198761306,24,96,1950409828,19
4673,free,198761306,24,96,1950409828,19
4674,alloc,798244209,24,96,1950409828,19
4678,free,798244209,24,96,1950409828,19
4679,alloc,525571,24,96,1950409828,19
4683,free,525571,24,96,1950409828,19
4684,alloc,1263877414,24,96,1950409828,19
4688,free,1263877414,24,96,1950409828,19
4689,alloc,110771485,24,96,1950409828,19
4693,free,110771485,24,96,1950409828,19
4694,alloc,141289226,24,96,1950409828,19
4698,free,141289226,24,96,1950409828,19
4699,alloc,1208736537,24,96,1950409828,19
4703,free,1208736537,24,96,1950409828,19
4704,alloc,710239027,24,96,1950409828,19
4708,free,710239027,24,96,1950409828,19
4709,alloc,2104545713,24,96,1950409828,19
4713,free,2104545713,24,96,1950409828,19
4714,alloc,712256162,24,96,1950409828,19
4718,free,712256162,24,96,1950409828,19
4719,alloc,1018298342,24,96,1950409828,19
4723,free,1018298342,24,96,1950409828,19
4724,alloc,1039949752,24,96,1950409828,19
4728,free,1039949752,24,96,1950409828,19
4729,alloc,1182461167,24,96,1950409828,19
4733,free,1182461167,24,96,1950409828,19
4734,alloc,1297149880,24,96,1950409828,19
4738,free,1297149880,24,96,1950409828,19
4739,alloc,2116908859,24,96,1950409828,19
4743,free,2116908859,24,96,1950409828,19
4744,alloc,561247961,24,96,1950409828,19
4748,free,561247961,24,96,1950409828,19
4749,alloc,813656972,24,96,1950409828,19
4753,free,813656972,24,96,1950409828,19
4754,alloc,2048425748,24,96,1950409828,19
4758,free,2048425748,24,96,1950409828,19
4759,alloc,1863932867,24,96,1950409828,19
4763,free,1863932867,24,96,1950409828,19
4764,alloc,1373810119,24,96,1950409828,19
4768,free,1373810119,24,96,1950409828,19
4769,alloc,445288316,24,96,1950409828,19
4773,free,445288316,24,96,1950409828,19
4774,alloc,592688102,24,96,1950409828,19
4778,free,592688102,24,96,1950409828,19
4779,alloc,103887628,24,96,1950409828,19
4783,free,103887628,24,96,1950409828,19
4784,alloc,1123629720,24,96,1950409828,19
4788,free,1123629720,24,96,1950409828,19
4789,alloc,205962452,24,96,1950409828,19
4793,free,205962452,24,96,1950409828,19
4794,alloc,842326585,24,96,1950409828,19
4798,free,842326585,24,96,1950409828,19
4799,alloc,1032986144,24,96,1950409828,19
4803,free,1032986144,24,96,1950409828,19
4804,alloc,917819120,24,96,1950409828,19
4808,free,917819120,24,96,1950409828,19
4809,alloc,263025902,24,96,1950409828,19
4813,free,263025902,24,96,1950409828,19
4814,alloc,438135304,24,96,1950409828,19
4818,free,438135304,24,96,1950409828,19
4819,alloc,936580213,24,96,1950409828,19
4823,free,936580213,24,96,1950409828,19
4824,alloc,662736689,24,96,1950409828,19
4828,free,662736689,24,96,1950409828,19
4829,alloc,1131316523,24,96,1950409828,19
4833,free,1131316523,24,96,1950409828,19
4834,alloc,852687460,24,96,1950409828,19
4838,free,852687460,24,96,1950409828,19
4839,alloc,495792375,24,96,1950409828,19
4843,free,495792375,24,96,1950409828,19
4844,alloc,1045941616,24,96,1950409828,19
4848,free,1045941616,24,96,1950409828,19
4849,alloc,161960012,24,96,1950409828,19
4853,free,161960012,24,96,1950409828,19
4854,alloc,738433734,24,96,1950409828,19
4858,free,738433734,24,96,1950409828,19
4859,alloc,1484594489,24,96,1950409828,19
4863,free,1484594489,24,96,1950409828,19
4864,alloc,1489069835,24,96,1950409828,19
4868,free,1489069835,24,96,1950409828,19
4869,alloc,1800890735,24,96,1950409828,19
4873,free,1800890735,24,96,1950409828,19
4874,alloc,1538399081,24,96,1950409828,19
4878,free,1538399081,24,96,1950409828,19
4879,alloc,1805013491,24,96,1950409828,19
4883,free,1805013491,24,96,1950409828,19
4884,alloc,951880373,24,96,1950409828,19
4888,free,951880373,24,96,1950409828,19
4889,alloc,1752203484,24,96,1950409828,19
4893,free,1752203484,24,96,1950409828,19
4894,alloc,601008104,24,96,1950409828,19
4898,free,601008104,24,96,1950409828,19
4899,alloc,2056418216,24,96,1950409828,19
4903,free,2056418216,24,96,1950409828,19
4904,alloc,648525677,24,96,1950409828,19
4908,free,648525677,24,96,1950409828,19
4909,alloc,1253946629,24,96,1950409828,19
4913,free,1253946629,24,96,1950409828,19
4914,alloc,2095490653,24,96,1950409828,19
4918,free,2095490653,24,96,1950409828,19
4919,alloc,352359770,24,96,1950409828,19
4923,free,352359770,24,96,1950409828,19
4924,alloc,243745864,24,96,1950409828,19
4928,free,243745864,24,96,1950409828,19
4929,alloc,699780352,24,96,1950409828,19
4933,free,699780352,24,96,1950409828,19
4934,alloc,1613255205,24,96,1950409828,19
4938,free,1613255205,24,96,1950409828,19
4939,alloc,1897115967,24,96,1950409828,19
4943,free,1897115967,24,96,1950409828,19
4944,alloc,1166151249,24,96,1950409828,19
4948,free,1166151249,24,96,1950409828,19
4949,alloc,1121453612,24,96,1950409828,19
4953,free,1121453612,24,96,1950409828,19
4954,alloc,1615056168,24,96,1950409828,19
4958,free,1615056168,24,96,1950409828,19
4959,alloc,213193302,24,96,1950409828,19
4963,free,213193302,24,96,1950409828,19
4964,alloc,1502635287,24,96,1950409828,19
4968,free,1502635287,24,96,1950409828,19
4969,alloc,1543237999,24,96,1950409828,19
4973,free,1543237999,24,96,1950409828,19
4974,alloc,632249781,24,96,1950409828,19
4978,free,632249781,24,96,1950409828,19
4979,alloc,19717364,24,96,1950409828,19
4983,free,19717364,24,96,1950409828,19
4984,alloc,1540270363,24,96,1950409828,19
4988,free,1540270363,24,96,1950409828,19
4989,alloc,1597655940,24,96,1950409828,19
4993,free,1597655940,24,96,1950409828,19
4994,alloc,2619171,24,96,1950409828,19
4998,free,2619171,24,96,1950409828,19
4999,alloc,1728790703,24,96,1950409828,19
5003,free,1728790703,24,96,1950409828,19
5004,alloc,1227074340,24,96,1950409828,19
5008,free,1227074340,24,96,1950409828,19
5009,alloc,1154002927,24,96,1950409828,19
5013,free,1154002927,24,96,1950409828,19
5014,alloc,2070529722,24,96,1950409828,19
5018,free,2070529722,24,96,1950409828,19
5019,alloc,1188753216,24,96,1950409828,19
5023,free,1188753216,24,96,1950409828,19
5024,alloc,317986356,24,96,1950409828,19
5028,free,317986356,24,96,1950409828,19
5029,alloc,331510866,24,96,1950409828,19
5033,free,331510866,24,96,1950409828,19
5034,alloc,640363654,24,96,1950409828,19
5038,free,640363654,24,96,1950409828,19
5039,alloc,924477420,24,96,1950409828,19
5043,free,924477420,24,96,1950409828,19
5044,alloc,99451533,24,96,1950409828,19
5048,free,99451533,24,96,1950409828,19
5049,alloc,84739718,24,96,1950409828,19
5053,free,84739718,24,96,1950409828,19
5054,alloc,2050835901,24,96,1950409828,19
5058,free,2050835901,24,96,1950409828,19
5059,alloc,511473681,24,96,1950409828,19
5063,free,511473681,24,96,1950409828,19
5064,alloc,2011986105,24,96,1950409828,19
5068,free,2011986105,24,96,1950409828,19
5069,alloc,439904756,24,96,1950409828,19
5073,free,439904756,24,96,1950409828,19
5074,alloc,171497379,24,96,1950409828,19
5078,free,171497379,24,96,1950409828,19
5079,alloc,2012846597,24,96,1950409828,19
5083,free,2012846597,24,96,1950409828,19
5084,alloc,1665404403,24,96,1950409828,19
5088,free,1665404403,24,96,1950409828,19
