event_idx,event_type,obj_id,size,site,thread
2,free,458209687,24,,
3,alloc,458209687,24,62,1950409828
8,free,38997010,40,,
10,free,1789447862,4,,
11,free,1213415012,4,,
12,alloc,38997010,40,80,1950409828
12,free,999661724,4,,
14,free,1793329556,4,,
15,free,1588970020,32,,
15,free,1811075214,4,,
17,free,1407343478,4,,
18,free,1940447180,4,,
19,free,245565335,4,,
22,free,183264084,24,,
24,alloc,1588970020,32,81,1950409828
29,free,914424520,40,,
31,free,517938326,4,,
32,free,110718392,4,,
33,free,425918570,4,,
33,free,1100439041,24,,
34,free,204349222,24,,
35,free,231685785,24,,
36,free,114935352,24,,
37,free,2110121908,24,,
38,alloc,183264084,24,99,1950409828
38,free,32374789,24,,
39,free,1973538135,24,,
40,free,1023487453,24,,
41,free,1865127310,24,,
42,free,515132998,24,,
43,free,1694819250,40,,
48,free,2001112025,4,,
52,alloc,914424520,40,80,1950409828
52,free,77217300,4,,
55,free,241325412,4,,
56,free,787604730,4,,
60,alloc,1100439041,24,96,1950409828
61,alloc,204349222,24,97,1950409828
62,alloc,231685785,24,97,1950409828
63,alloc,114935352,24,97,1950409828
64,alloc,2110121908,24,97,1950409828
65,alloc,32374789,24,97,1950409828
66,alloc,1973538135,24,97,1950409828
67,alloc,1023487453,24,97,1950409828
68,alloc,1865127310,24,97,1950409828
69,alloc,515132998,24,97,1950409828
70,alloc,1694819250,40,98,1950409828
